COMBO_COMPANY_ID_18,COMBO_COMPANY_NAME,ACCT_ID_18,ACCT_NM,TEAM_TERRITORY_NAME,ACCT_OWN_FULL_NM,COMBO_LOCKED_CITY,COMBO_LOCKED_STATE,COMBO_LOCKED_INDUSTRY,ACCT_OWN_LVL_4_USR_NM,ACCT_OWN_LVL_5_USR_NM,FY27_C360_AOV,COMBO_EMPLOYEE_COUNT,ACCT_TIER,ATR,FY27 Q1 ACV,FY27 Q2 ACV,H1_FY27_ACV,AVP_REGION,news_has_coverage,news_article_count,news_headlines,news_latest_date,mismatch_category,confidence,key_signals,reasoning,action_recommended,ai_scored
aBR3y000000HLhnGAG,Youfit Health Club,0010M00001SHc2vQAD,Youfit Health Clubs,AMER_PACE_RCG_CMRCL_GB_RETAIL_E_TempCovergae_02,Glenn Harvin,Deerfield Beach,FL,Retail & CG,Marshall Hall,Glenn Harvin,0,3000,Tier 2,0,0,0,0,RCG,False,0,,,Overtiered Risk,High,"Tier Tier 2 | $0 Salesforce spend | Zero external signals | 3,000 employees","**TIER MISMATCH: Tier 2 Without Engagement**

Current Classification: Tier 2 (""High priority accounts"")
What This Should Mean: Strategic focus, dedicated coverage, high revenue potential

**SALESFORCE ENGAGEMENT:**
• H1 FY27 ACV: $0 (zero revenue closed in first half of fiscal year)
• FY27 AOV (Annual Operating Value): $0 (no ongoing Salesforce subscription)
• ATR (Available to Renew): $0 (nothing to renew)
→ Total Salesforce footprint: ZERO

**EXTERNAL SIGNALS:**
• News coverage (past 12 months): ZERO articles
• No media visibility, no growth signals, no market activity detected

**COMPANY PROFILE:**
• Employee count: 3,000
• Industry: Retail & CG
• Location: Deerfield Beach, FL

**ANALYSIS:**
High tier designation without any engagement or external signals suggests one of three scenarios:
(a) Relationship was never successfully developed despite initial tiering
(b) Account went dormant after initial engagement ended
(c) Tier was assigned based on outdated potential assessment

Maintaining high tier for inactive account diverts strategic resources from accounts with actual engagement.","IMMEDIATE ACTION: Downgrade to Tier 3 or 4. Review account history to understand original tier rationale. If relationship cannot be reactivated within 30 days, proceed with downgrade to free up strategic focus.",True
00130000002xT9sAAE,"Central Moloney, Inc.",00130000002xT9sAAE,"Central Moloney, Inc.",AMER_PACE_MAE_CMRCL_MFG_W_MM_NL_W_TempCoverage_01B,Gabrielle Carels,Pine Bluff,AR,"Manufacturing, Automotive & Energy",John Tragas,AMER - PACE - MAE - CMRCL - MFG - W - MM - NL - W - RVP,0,926,Tier 1,0,0,0,0,MFG W,False,0,,,Overtiered Risk,High,Tier Tier 1 | $0 Salesforce spend | Zero external signals | 926 employees,"**TIER MISMATCH: Tier 1 Without Engagement**

Current Classification: Tier 1 (""Strategic accounts"")
What This Should Mean: Strategic focus, dedicated coverage, high revenue potential

**SALESFORCE ENGAGEMENT:**
• H1 FY27 ACV: $0 (zero revenue closed in first half of fiscal year)
• FY27 AOV (Annual Operating Value): $0 (no ongoing Salesforce subscription)
• ATR (Available to Renew): $0 (nothing to renew)
→ Total Salesforce footprint: ZERO

**EXTERNAL SIGNALS:**
• News coverage (past 12 months): ZERO articles
• No media visibility, no growth signals, no market activity detected

**COMPANY PROFILE:**
• Employee count: 926
• Industry: Manufacturing, Automotive & Energy
• Location: Pine Bluff, AR

**ANALYSIS:**
High tier designation without any engagement or external signals suggests one of three scenarios:
(a) Relationship was never successfully developed despite initial tiering
(b) Account went dormant after initial engagement ended
(c) Tier was assigned based on outdated potential assessment

Maintaining high tier for inactive account diverts strategic resources from accounts with actual engagement.","IMMEDIATE ACTION: Downgrade to Tier 3 or 4. Review account history to understand original tier rationale. If relationship cannot be reactivated within 30 days, proceed with downgrade to free up strategic focus.",True
aBR300000004QsPGAU,Production Resource Group LLC,00130000002xa0FAAQ,Production Resource Group,AMER_PACE_MAE_CMRCL_MFG_E_NJC_GB_02,Andrew Peck,New Windsor,NY,"Manufacturing, Automotive & Energy",Stephen Keller,Lucas Crowley,0,2000,Tier 1,0,0,0,0,MFG E,False,0,,,Overtiered Risk,High,"Tier Tier 1 | $0 Salesforce spend | Zero external signals | 2,000 employees","**TIER MISMATCH: Tier 1 Without Engagement**

Current Classification: Tier 1 (""Strategic accounts"")
What This Should Mean: Strategic focus, dedicated coverage, high revenue potential

**SALESFORCE ENGAGEMENT:**
• H1 FY27 ACV: $0 (zero revenue closed in first half of fiscal year)
• FY27 AOV (Annual Operating Value): $0 (no ongoing Salesforce subscription)
• ATR (Available to Renew): $0 (nothing to renew)
→ Total Salesforce footprint: ZERO

**EXTERNAL SIGNALS:**
• News coverage (past 12 months): ZERO articles
• No media visibility, no growth signals, no market activity detected

**COMPANY PROFILE:**
• Employee count: 2,000
• Industry: Manufacturing, Automotive & Energy
• Location: New Windsor, NY

**ANALYSIS:**
High tier designation without any engagement or external signals suggests one of three scenarios:
(a) Relationship was never successfully developed despite initial tiering
(b) Account went dormant after initial engagement ended
(c) Tier was assigned based on outdated potential assessment

Maintaining high tier for inactive account diverts strategic resources from accounts with actual engagement.","IMMEDIATE ACTION: Downgrade to Tier 3 or 4. Review account history to understand original tier rationale. If relationship cannot be reactivated within 30 days, proceed with downgrade to free up strategic focus.",True
aBR300000004E5FGAU,Hajoca Corporation,0010M00001YFiFOQA1,"Haines, Jones & Cadbury LLC",AMER_PACE_MAE_CMRCL_MFG_E_PMV_GB_02,Annie Ramadan,Lafayette Hill,PA,"Manufacturing, Automotive & Energy",Stephen Keller,Bri Read,0,3500,Tier 2,0,0,0,0,MFG E,False,0,,,Overtiered Risk,High,"Tier Tier 2 | $0 Salesforce spend | Zero external signals | 3,500 employees","**TIER MISMATCH: Tier 2 Without Engagement**

Current Classification: Tier 2 (""High priority accounts"")
What This Should Mean: Strategic focus, dedicated coverage, high revenue potential

**SALESFORCE ENGAGEMENT:**
• H1 FY27 ACV: $0 (zero revenue closed in first half of fiscal year)
• FY27 AOV (Annual Operating Value): $0 (no ongoing Salesforce subscription)
• ATR (Available to Renew): $0 (nothing to renew)
→ Total Salesforce footprint: ZERO

**EXTERNAL SIGNALS:**
• News coverage (past 12 months): ZERO articles
• No media visibility, no growth signals, no market activity detected

**COMPANY PROFILE:**
• Employee count: 3,500
• Industry: Manufacturing, Automotive & Energy
• Location: Lafayette Hill, PA

**ANALYSIS:**
High tier designation without any engagement or external signals suggests one of three scenarios:
(a) Relationship was never successfully developed despite initial tiering
(b) Account went dormant after initial engagement ended
(c) Tier was assigned based on outdated potential assessment

Maintaining high tier for inactive account diverts strategic resources from accounts with actual engagement.","IMMEDIATE ACTION: Downgrade to Tier 3 or 4. Review account history to understand original tier rationale. If relationship cannot be reactivated within 30 days, proceed with downgrade to free up strategic focus.",True
aBR0M000000H5xZWAS,"Affordable Interior Systems, Inc.",0013000000M2PUJAA3,"Affordable Interior Systems, Inc.",AMER_PACE_MAE_CMRCL_MFG_W_MM_NL_E_TempCoverage_04A,Andrew Ketcham,Leominster,MA,"Manufacturing, Automotive & Energy",John Tragas,Chloe LeBaron,0,559,Tier 2,0,0,0,0,MFG W,False,0,,,Overtiered Risk,High,Tier Tier 2 | $0 Salesforce spend | Zero external signals | 559 employees,"**TIER MISMATCH: Tier 2 Without Engagement**

Current Classification: Tier 2 (""High priority accounts"")
What This Should Mean: Strategic focus, dedicated coverage, high revenue potential

**SALESFORCE ENGAGEMENT:**
• H1 FY27 ACV: $0 (zero revenue closed in first half of fiscal year)
• FY27 AOV (Annual Operating Value): $0 (no ongoing Salesforce subscription)
• ATR (Available to Renew): $0 (nothing to renew)
→ Total Salesforce footprint: ZERO

**EXTERNAL SIGNALS:**
• News coverage (past 12 months): ZERO articles
• No media visibility, no growth signals, no market activity detected

**COMPANY PROFILE:**
• Employee count: 559
• Industry: Manufacturing, Automotive & Energy
• Location: Leominster, MA

**ANALYSIS:**
High tier designation without any engagement or external signals suggests one of three scenarios:
(a) Relationship was never successfully developed despite initial tiering
(b) Account went dormant after initial engagement ended
(c) Tier was assigned based on outdated potential assessment

Maintaining high tier for inactive account diverts strategic resources from accounts with actual engagement.","IMMEDIATE ACTION: Downgrade to Tier 3 or 4. Review account history to understand original tier rationale. If relationship cannot be reactivated within 30 days, proceed with downgrade to free up strategic focus.",True
00130000002xY1EAAU,Exit 76 Corporation,00130000002xY1EAAU,Exit 76 Corporation,AMER_PACE_RCG_CMRCL_MM_NL_RETAIL_04,Ivette Johnson,GRAND RAPIDS,MI,Retail & CG,Adam Kassam,Tanner DeVries,0,600,Tier 2,0,0,0,0,RCG,False,0,,,Overtiered Risk,High,Tier Tier 2 | $0 Salesforce spend | Zero external signals | 600 employees,"**TIER MISMATCH: Tier 2 Without Engagement**

Current Classification: Tier 2 (""High priority accounts"")
What This Should Mean: Strategic focus, dedicated coverage, high revenue potential

**SALESFORCE ENGAGEMENT:**
• H1 FY27 ACV: $0 (zero revenue closed in first half of fiscal year)
• FY27 AOV (Annual Operating Value): $0 (no ongoing Salesforce subscription)
• ATR (Available to Renew): $0 (nothing to renew)
→ Total Salesforce footprint: ZERO

**EXTERNAL SIGNALS:**
• News coverage (past 12 months): ZERO articles
• No media visibility, no growth signals, no market activity detected

**COMPANY PROFILE:**
• Employee count: 600
• Industry: Retail & CG
• Location: GRAND RAPIDS, MI

**ANALYSIS:**
High tier designation without any engagement or external signals suggests one of three scenarios:
(a) Relationship was never successfully developed despite initial tiering
(b) Account went dormant after initial engagement ended
(c) Tier was assigned based on outdated potential assessment

Maintaining high tier for inactive account diverts strategic resources from accounts with actual engagement.","IMMEDIATE ACTION: Downgrade to Tier 3 or 4. Review account history to understand original tier rationale. If relationship cannot be reactivated within 30 days, proceed with downgrade to free up strategic focus.",True
0013000000M1gzOAAR,Strack & Van Til Super Market Inc.,0013000000M1gzOAAR,Strack & Van Til Super Market Inc.,AMER_PACE_RCG_CMRCL_GB_RETAIL_W_04,Michael Lipton,Highland,IN,Retail & CG,Marshall Hall,Ashley Ellis,0,2300,Tier 2,0,0,0,0,RCG,False,0,,,Overtiered Risk,High,"Tier Tier 2 | $0 Salesforce spend | Zero external signals | 2,300 employees","**TIER MISMATCH: Tier 2 Without Engagement**

Current Classification: Tier 2 (""High priority accounts"")
What This Should Mean: Strategic focus, dedicated coverage, high revenue potential

**SALESFORCE ENGAGEMENT:**
• H1 FY27 ACV: $0 (zero revenue closed in first half of fiscal year)
• FY27 AOV (Annual Operating Value): $0 (no ongoing Salesforce subscription)
• ATR (Available to Renew): $0 (nothing to renew)
→ Total Salesforce footprint: ZERO

**EXTERNAL SIGNALS:**
• News coverage (past 12 months): ZERO articles
• No media visibility, no growth signals, no market activity detected

**COMPANY PROFILE:**
• Employee count: 2,300
• Industry: Retail & CG
• Location: Highland, IN

**ANALYSIS:**
High tier designation without any engagement or external signals suggests one of three scenarios:
(a) Relationship was never successfully developed despite initial tiering
(b) Account went dormant after initial engagement ended
(c) Tier was assigned based on outdated potential assessment

Maintaining high tier for inactive account diverts strategic resources from accounts with actual engagement.","IMMEDIATE ACTION: Downgrade to Tier 3 or 4. Review account history to understand original tier rationale. If relationship cannot be reactivated within 30 days, proceed with downgrade to free up strategic focus.",True
aBR300000004FpwGAE,Coats Group Plc,0010M00001QlMFMQA3,COATS INC,AMER_PACE_RCG_CMRCL_GB_CG_HMDU_E_04,Luke Olsen,CHARLOTTE,NC,Retail & CG,Marshall Hall,Rebecca Daharsh,0,3868,Tier 2,0,0,0,0,RCG,True,3,Top 100 Apparel Brands Ranked by Annual Sales | The Top 100 Publicly Traded Textile Companies | Coats Group H1 Earnings Call Highlights,2026-08-04,Overtiered Risk,Medium,Tier Tier 2 | $0 Salesforce | 3 articles = active business | Zero conversion,"**TIER MISMATCH: High Tier Without Salesforce Engagement**

Current Classification: Tier 2 (""High priority accounts"")

**SALESFORCE ENGAGEMENT: ZERO**
• H1 FY27 ACV: $0
• FY27 AOV: $0
• No Salesforce adoption despite high-tier status


**NEWS COVERAGE ANALYSIS:**
• Total articles found: 3
• Most recent coverage: 2026-08-04
• Coverage period: Past 12 months

**SPECIFIC EVENTS/HEADLINES IDENTIFIED:**
📊 FINANCIAL: Top 100 Apparel Brands Ranked by Annual Sales
• The Top 100 Publicly Traded Textile Companies
📊 FINANCIAL: Coats Group H1 Earnings Call Highlights

**COMPANY PROFILE:**
• Size: 3,868 employees
• Industry: Retail & CG
• Location: CHARLOTTE, NC

**ANALYSIS:**
This account exhibits a critical mismatch: high strategic tier classification but zero Salesforce footprint. News coverage proves the company is active and operational, which rules out the ""out of business"" scenario. However, 3 articles of coverage combined with zero Salesforce adoption suggests:

• Wrong ICP fit (company may not match Salesforce sweet spot despite size)
• Competitive loss (may have chosen competitor platform)
• Unsuccessful prospecting (unable to convert interest to engagement)
• Aspirational tier (tiered on potential, not actual relationship)

Current tier overstates relationship reality and may be diverting resources from accounts with actual traction.","INVESTIGATE: Pull sales history, competitive intel, and past engagement attempts. Determine if relationship is saveable. If no clear path to engagement within 90 days, downgrade tier to match reality. Document lessons learned for future tier assignments.",True
aBR300000004OIKGA2,Universal Trailer Holdings Corp.,00130000002xWSmAAM,Wells Cargo Inc.,AMER_PACE_MAE_CMRCL_AUE_SE_MM_05,Nate Justice,Sanford,OK,"Manufacturing, Automotive & Energy",AMER - PACE - MAE - CMRCL - AUE - AVP,Jason Fajardo,0,350,Tier 2,0,0,0,0,AUE,False,0,,,Overtiered Risk,High,Tier Tier 2 | $0 Salesforce spend | Zero external signals | 350 employees,"**TIER MISMATCH: Tier 2 Without Engagement**

Current Classification: Tier 2 (""High priority accounts"")
What This Should Mean: Strategic focus, dedicated coverage, high revenue potential

**SALESFORCE ENGAGEMENT:**
• H1 FY27 ACV: $0 (zero revenue closed in first half of fiscal year)
• FY27 AOV (Annual Operating Value): $0 (no ongoing Salesforce subscription)
• ATR (Available to Renew): $0 (nothing to renew)
→ Total Salesforce footprint: ZERO

**EXTERNAL SIGNALS:**
• News coverage (past 12 months): ZERO articles
• No media visibility, no growth signals, no market activity detected

**COMPANY PROFILE:**
• Employee count: 350
• Industry: Manufacturing, Automotive & Energy
• Location: Sanford, OK

**ANALYSIS:**
High tier designation without any engagement or external signals suggests one of three scenarios:
(a) Relationship was never successfully developed despite initial tiering
(b) Account went dormant after initial engagement ended
(c) Tier was assigned based on outdated potential assessment

Maintaining high tier for inactive account diverts strategic resources from accounts with actual engagement.","IMMEDIATE ACTION: Downgrade to Tier 3 or 4. Review account history to understand original tier rationale. If relationship cannot be reactivated within 30 days, proceed with downgrade to free up strategic focus.",True
aBR300000004PEUGA2,"Kent Sporting Goods Company, Inc.",00130000002xbL0AAI,Kent Outdoors,AMER_PACE_RCG_CMRCL_MM_NL_RETAIL_08,Taylor Schlosser,New London,FL,Retail & CG,Adam Kassam,Tanner DeVries,0,575,Tier 1,0,0,0,0,RCG,False,0,,,Overtiered Risk,High,Tier Tier 1 | $0 Salesforce spend | Zero external signals | 575 employees,"**TIER MISMATCH: Tier 1 Without Engagement**

Current Classification: Tier 1 (""Strategic accounts"")
What This Should Mean: Strategic focus, dedicated coverage, high revenue potential

**SALESFORCE ENGAGEMENT:**
• H1 FY27 ACV: $0 (zero revenue closed in first half of fiscal year)
• FY27 AOV (Annual Operating Value): $0 (no ongoing Salesforce subscription)
• ATR (Available to Renew): $0 (nothing to renew)
→ Total Salesforce footprint: ZERO

**EXTERNAL SIGNALS:**
• News coverage (past 12 months): ZERO articles
• No media visibility, no growth signals, no market activity detected

**COMPANY PROFILE:**
• Employee count: 575
• Industry: Retail & CG
• Location: New London, FL

**ANALYSIS:**
High tier designation without any engagement or external signals suggests one of three scenarios:
(a) Relationship was never successfully developed despite initial tiering
(b) Account went dormant after initial engagement ended
(c) Tier was assigned based on outdated potential assessment

Maintaining high tier for inactive account diverts strategic resources from accounts with actual engagement.","IMMEDIATE ACTION: Downgrade to Tier 3 or 4. Review account history to understand original tier rationale. If relationship cannot be reactivated within 30 days, proceed with downgrade to free up strategic focus.",True
0013000000M1ZmLAAV,Pepsi MidAmerica Co.,0013000000M1ZmLAAV,Pepsi MidAmerica Co.,AMER_PACE_RCG_CMRCL_MM_NL_CG_01,ADDIS SISAY,Marion,IL,Retail & CG,Adam Kassam,Kyle Warren,0,1000,Tier 1,0,0,0,0,RCG,False,0,,,Overtiered Risk,High,"Tier Tier 1 | $0 Salesforce spend | Zero external signals | 1,000 employees","**TIER MISMATCH: Tier 1 Without Engagement**

Current Classification: Tier 1 (""Strategic accounts"")
What This Should Mean: Strategic focus, dedicated coverage, high revenue potential

**SALESFORCE ENGAGEMENT:**
• H1 FY27 ACV: $0 (zero revenue closed in first half of fiscal year)
• FY27 AOV (Annual Operating Value): $0 (no ongoing Salesforce subscription)
• ATR (Available to Renew): $0 (nothing to renew)
→ Total Salesforce footprint: ZERO

**EXTERNAL SIGNALS:**
• News coverage (past 12 months): ZERO articles
• No media visibility, no growth signals, no market activity detected

**COMPANY PROFILE:**
• Employee count: 1,000
• Industry: Retail & CG
• Location: Marion, IL

**ANALYSIS:**
High tier designation without any engagement or external signals suggests one of three scenarios:
(a) Relationship was never successfully developed despite initial tiering
(b) Account went dormant after initial engagement ended
(c) Tier was assigned based on outdated potential assessment

Maintaining high tier for inactive account diverts strategic resources from accounts with actual engagement.","IMMEDIATE ACTION: Downgrade to Tier 3 or 4. Review account history to understand original tier rationale. If relationship cannot be reactivated within 30 days, proceed with downgrade to free up strategic focus.",True
aBR300000004DgQGAU,YAZAKI CORPORATION,0013000000M2O3zAAF,"Yazaki North America, Inc.",AMER_PACE_MAE_CMRCL_MFG_C_OWV_GB_LOA_TempCoverage_03B,Alark Patel,Canton,MI,"Manufacturing, Automotive & Energy",AMER - PACE - MAE - CMRCL - MFG - C - AVP,AMER - PACE - MAE - CMRCL - MFG - C - OWV - RVP,0,1500,Tier 2,0,0,0,0,MFG C,True,1,Automotive Interior Market Forecast Report: Outlook to 2033,2026-08-04,Overtiered Risk,Medium,Tier Tier 2 | $0 Salesforce | 1 articles = active business | Zero conversion,"**TIER MISMATCH: High Tier Without Salesforce Engagement**

Current Classification: Tier 2 (""High priority accounts"")

**SALESFORCE ENGAGEMENT: ZERO**
• H1 FY27 ACV: $0
• FY27 AOV: $0
• No Salesforce adoption despite high-tier status


**NEWS COVERAGE ANALYSIS:**
• Total articles found: 1
• Most recent coverage: 2026-08-04
• Coverage period: Past 12 months

**SPECIFIC EVENTS/HEADLINES IDENTIFIED:**
• Automotive Interior Market Forecast Report: Outlook to 2033

**COMPANY PROFILE:**
• Size: 1,500 employees
• Industry: Manufacturing, Automotive & Energy
• Location: Canton, MI

**ANALYSIS:**
This account exhibits a critical mismatch: high strategic tier classification but zero Salesforce footprint. News coverage proves the company is active and operational, which rules out the ""out of business"" scenario. However, 1 articles of coverage combined with zero Salesforce adoption suggests:

• Wrong ICP fit (company may not match Salesforce sweet spot despite size)
• Competitive loss (may have chosen competitor platform)
• Unsuccessful prospecting (unable to convert interest to engagement)
• Aspirational tier (tiered on potential, not actual relationship)

Current tier overstates relationship reality and may be diverting resources from accounts with actual traction.","INVESTIGATE: Pull sales history, competitive intel, and past engagement attempts. Determine if relationship is saveable. If no clear path to engagement within 90 days, downgrade tier to match reality. Document lessons learned for future tier assignments.",True
0010M00001SJKeTQAX,SNYDER PAPER CORPORATION,0010M00001SJKeTQAX,SNYDER PAPER CORPORATION,AMER_PACE_RCG_CMRCL_MM_NL_CG_05,Grady Saunders,Hickory,NC,Retail & CG,Adam Kassam,Kyle Warren,0,350,Tier 1,0,0,0,0,RCG,False,0,,,Overtiered Risk,High,Tier Tier 1 | $0 Salesforce spend | Zero external signals | 350 employees,"**TIER MISMATCH: Tier 1 Without Engagement**

Current Classification: Tier 1 (""Strategic accounts"")
What This Should Mean: Strategic focus, dedicated coverage, high revenue potential

**SALESFORCE ENGAGEMENT:**
• H1 FY27 ACV: $0 (zero revenue closed in first half of fiscal year)
• FY27 AOV (Annual Operating Value): $0 (no ongoing Salesforce subscription)
• ATR (Available to Renew): $0 (nothing to renew)
→ Total Salesforce footprint: ZERO

**EXTERNAL SIGNALS:**
• News coverage (past 12 months): ZERO articles
• No media visibility, no growth signals, no market activity detected

**COMPANY PROFILE:**
• Employee count: 350
• Industry: Retail & CG
• Location: Hickory, NC

**ANALYSIS:**
High tier designation without any engagement or external signals suggests one of three scenarios:
(a) Relationship was never successfully developed despite initial tiering
(b) Account went dormant after initial engagement ended
(c) Tier was assigned based on outdated potential assessment

Maintaining high tier for inactive account diverts strategic resources from accounts with actual engagement.","IMMEDIATE ACTION: Downgrade to Tier 3 or 4. Review account history to understand original tier rationale. If relationship cannot be reactivated within 30 days, proceed with downgrade to free up strategic focus.",True
aBRed0000004I4nGAE,"Roger Cleveland Golf Company, Inc.",0013000000M2OubAAF,"Roger Cleveland Golf Company, Inc.",AMER_PACE_RCG_CMRCL_MM_CG_W_09,John Hackett,Huntington Beach,CA,Retail & CG,Adam Kassam,Lucas Brunette,0,270,Tier 1,0,0,0,0,RCG,False,0,,,Overtiered Risk,High,Tier Tier 1 | $0 Salesforce spend | Zero external signals | 270 employees,"**TIER MISMATCH: Tier 1 Without Engagement**

Current Classification: Tier 1 (""Strategic accounts"")
What This Should Mean: Strategic focus, dedicated coverage, high revenue potential

**SALESFORCE ENGAGEMENT:**
• H1 FY27 ACV: $0 (zero revenue closed in first half of fiscal year)
• FY27 AOV (Annual Operating Value): $0 (no ongoing Salesforce subscription)
• ATR (Available to Renew): $0 (nothing to renew)
→ Total Salesforce footprint: ZERO

**EXTERNAL SIGNALS:**
• News coverage (past 12 months): ZERO articles
• No media visibility, no growth signals, no market activity detected

**COMPANY PROFILE:**
• Employee count: 270
• Industry: Retail & CG
• Location: Huntington Beach, CA

**ANALYSIS:**
High tier designation without any engagement or external signals suggests one of three scenarios:
(a) Relationship was never successfully developed despite initial tiering
(b) Account went dormant after initial engagement ended
(c) Tier was assigned based on outdated potential assessment

Maintaining high tier for inactive account diverts strategic resources from accounts with actual engagement.","IMMEDIATE ACTION: Downgrade to Tier 3 or 4. Review account history to understand original tier rationale. If relationship cannot be reactivated within 30 days, proceed with downgrade to free up strategic focus.",True
aBR0M00000006f3WAA,Dnow Inc.,0010M00001QqeoNQAR,DNOW Credit Department,AMER_PACE_MAE_CMRCL_AUE_W_GB_02,Gwendolyn Ortiz,HOUSTON,TX,"Manufacturing, Automotive & Energy",AMER - PACE - MAE - CMRCL - AUE - AVP,Kay Boakye-Yiadom,0,4500,Tier 2,0,0,0,0,AUE,True,24,DNOW Investors Have Opportunity to Lead DNOW Inc. Securities Lawsuit Filed by The Rosen Law Firm | DNOW Inc. Sued for Securities Law Violations - Contact the DJS Law Group to Discuss Your Rights - DNOW | DNOW Investors Have Opportunity to Lead DNOW Inc. Securities Fraud Lawsuit with SBS Law,2026-08-24,Overtiered Risk,Medium,Tier Tier 2 | $0 Salesforce | 24 articles = active business | Zero conversion,"**TIER MISMATCH: High Tier Without Salesforce Engagement**

Current Classification: Tier 2 (""High priority accounts"")

**SALESFORCE ENGAGEMENT: ZERO**
• H1 FY27 ACV: $0
• FY27 AOV: $0
• No Salesforce adoption despite high-tier status


**NEWS COVERAGE ANALYSIS:**
• Total articles found: 24
• Most recent coverage: 2026-08-24
• Coverage period: Past 12 months

**SPECIFIC EVENTS/HEADLINES IDENTIFIED:**
• DNOW Investors Have Opportunity to Lead DNOW Inc. Securities Lawsuit Filed by The Rosen Law Firm
• DNOW Inc. Sued for Securities Law Violations - Contact the DJS Law Group to Discuss Your Rights - DNOW
• DNOW Investors Have Opportunity to Lead DNOW Inc. Securities Fraud Lawsuit with SBS Law

**COMPANY PROFILE:**
• Size: 4,500 employees
• Industry: Manufacturing, Automotive & Energy
• Location: HOUSTON, TX

**ANALYSIS:**
This account exhibits a critical mismatch: high strategic tier classification but zero Salesforce footprint. News coverage proves the company is active and operational, which rules out the ""out of business"" scenario. However, 24 articles of coverage combined with zero Salesforce adoption suggests:

• Wrong ICP fit (company may not match Salesforce sweet spot despite size)
• Competitive loss (may have chosen competitor platform)
• Unsuccessful prospecting (unable to convert interest to engagement)
• Aspirational tier (tiered on potential, not actual relationship)

Current tier overstates relationship reality and may be diverting resources from accounts with actual traction.","INVESTIGATE: Pull sales history, competitive intel, and past engagement attempts. Determine if relationship is saveable. If no clear path to engagement within 90 days, downgrade tier to match reality. Document lessons learned for future tier assignments.",True
0013y00001h7L0FAAU,Solver Solar,0013y00001h7L0FAAU,Solver Solar,AMER_PACE_MAE_CMRCL_AUE_SE_MM_01,Conor O'Malley,Chicago,IL,"Manufacturing, Automotive & Energy",AMER - PACE - MAE - CMRCL - AUE - AVP,Jason Fajardo,0,500,Tier 2,0,0,0,0,AUE,False,0,,,Overtiered Risk,High,Tier Tier 2 | $0 Salesforce spend | Zero external signals | 500 employees,"**TIER MISMATCH: Tier 2 Without Engagement**

Current Classification: Tier 2 (""High priority accounts"")
What This Should Mean: Strategic focus, dedicated coverage, high revenue potential

**SALESFORCE ENGAGEMENT:**
• H1 FY27 ACV: $0 (zero revenue closed in first half of fiscal year)
• FY27 AOV (Annual Operating Value): $0 (no ongoing Salesforce subscription)
• ATR (Available to Renew): $0 (nothing to renew)
→ Total Salesforce footprint: ZERO

**EXTERNAL SIGNALS:**
• News coverage (past 12 months): ZERO articles
• No media visibility, no growth signals, no market activity detected

**COMPANY PROFILE:**
• Employee count: 500
• Industry: Manufacturing, Automotive & Energy
• Location: Chicago, IL

**ANALYSIS:**
High tier designation without any engagement or external signals suggests one of three scenarios:
(a) Relationship was never successfully developed despite initial tiering
(b) Account went dormant after initial engagement ended
(c) Tier was assigned based on outdated potential assessment

Maintaining high tier for inactive account diverts strategic resources from accounts with actual engagement.","IMMEDIATE ACTION: Downgrade to Tier 3 or 4. Review account history to understand original tier rationale. If relationship cannot be reactivated within 30 days, proceed with downgrade to free up strategic focus.",True
aBR3y000000bsOZGAY,"Interstate-Mcbee, Llc",0013000000M2S7fAAF,Interstate McBee,AMER_PACE_MAE_CMRCL_MFG_W_MM_NL_E_TempCoverage_03A,Joseph Insana,bedford,OH,"Manufacturing, Automotive & Energy",John Tragas,Chloe LeBaron,0,325,Tier 2,0,0,0,0,MFG W,False,0,,,Overtiered Risk,High,Tier Tier 2 | $0 Salesforce spend | Zero external signals | 325 employees,"**TIER MISMATCH: Tier 2 Without Engagement**

Current Classification: Tier 2 (""High priority accounts"")
What This Should Mean: Strategic focus, dedicated coverage, high revenue potential

**SALESFORCE ENGAGEMENT:**
• H1 FY27 ACV: $0 (zero revenue closed in first half of fiscal year)
• FY27 AOV (Annual Operating Value): $0 (no ongoing Salesforce subscription)
• ATR (Available to Renew): $0 (nothing to renew)
→ Total Salesforce footprint: ZERO

**EXTERNAL SIGNALS:**
• News coverage (past 12 months): ZERO articles
• No media visibility, no growth signals, no market activity detected

**COMPANY PROFILE:**
• Employee count: 325
• Industry: Manufacturing, Automotive & Energy
• Location: bedford, OH

**ANALYSIS:**
High tier designation without any engagement or external signals suggests one of three scenarios:
(a) Relationship was never successfully developed despite initial tiering
(b) Account went dormant after initial engagement ended
(c) Tier was assigned based on outdated potential assessment

Maintaining high tier for inactive account diverts strategic resources from accounts with actual engagement.","IMMEDIATE ACTION: Downgrade to Tier 3 or 4. Review account history to understand original tier rationale. If relationship cannot be reactivated within 30 days, proceed with downgrade to free up strategic focus.",True
aBRed000002Iiw0GAC,"Krispy Krunchy Foods, LLC",0010M00001XxupxQAB,"Krispy Krunchy Foods, LLC",AMER_PACE_RCG_CMRCL_MM_RETAIL_E_08,Emily Mitnick,Alexandria,LA,Retail & CG,Adam Kassam,David Freifeld,0,1620,Tier 1,0,0,0,0,RCG,False,0,,,Overtiered Risk,High,"Tier Tier 1 | $0 Salesforce spend | Zero external signals | 1,620 employees","**TIER MISMATCH: Tier 1 Without Engagement**

Current Classification: Tier 1 (""Strategic accounts"")
What This Should Mean: Strategic focus, dedicated coverage, high revenue potential

**SALESFORCE ENGAGEMENT:**
• H1 FY27 ACV: $0 (zero revenue closed in first half of fiscal year)
• FY27 AOV (Annual Operating Value): $0 (no ongoing Salesforce subscription)
• ATR (Available to Renew): $0 (nothing to renew)
→ Total Salesforce footprint: ZERO

**EXTERNAL SIGNALS:**
• News coverage (past 12 months): ZERO articles
• No media visibility, no growth signals, no market activity detected

**COMPANY PROFILE:**
• Employee count: 1,620
• Industry: Retail & CG
• Location: Alexandria, LA

**ANALYSIS:**
High tier designation without any engagement or external signals suggests one of three scenarios:
(a) Relationship was never successfully developed despite initial tiering
(b) Account went dormant after initial engagement ended
(c) Tier was assigned based on outdated potential assessment

Maintaining high tier for inactive account diverts strategic resources from accounts with actual engagement.","IMMEDIATE ACTION: Downgrade to Tier 3 or 4. Review account history to understand original tier rationale. If relationship cannot be reactivated within 30 days, proceed with downgrade to free up strategic focus.",True
aBR3y000000H88mGAC,"Venturedyne, Ltd.",0010M00001UVOZdQAP,Thermotron,AMER_PACE_MAE_CMRCL_MFG_C_SEC_MM_01,Claire Vasiljevich,Holland,MI,"Manufacturing, Automotive & Energy",AMER - PACE - MAE - CMRCL - MFG - C - AVP,Josh Child,0,350,Tier 2,0,0,0,0,MFG C,False,0,,,Overtiered Risk,High,Tier Tier 2 | $0 Salesforce spend | Zero external signals | 350 employees,"**TIER MISMATCH: Tier 2 Without Engagement**

Current Classification: Tier 2 (""High priority accounts"")
What This Should Mean: Strategic focus, dedicated coverage, high revenue potential

**SALESFORCE ENGAGEMENT:**
• H1 FY27 ACV: $0 (zero revenue closed in first half of fiscal year)
• FY27 AOV (Annual Operating Value): $0 (no ongoing Salesforce subscription)
• ATR (Available to Renew): $0 (nothing to renew)
→ Total Salesforce footprint: ZERO

**EXTERNAL SIGNALS:**
• News coverage (past 12 months): ZERO articles
• No media visibility, no growth signals, no market activity detected

**COMPANY PROFILE:**
• Employee count: 350
• Industry: Manufacturing, Automotive & Energy
• Location: Holland, MI

**ANALYSIS:**
High tier designation without any engagement or external signals suggests one of three scenarios:
(a) Relationship was never successfully developed despite initial tiering
(b) Account went dormant after initial engagement ended
(c) Tier was assigned based on outdated potential assessment

Maintaining high tier for inactive account diverts strategic resources from accounts with actual engagement.","IMMEDIATE ACTION: Downgrade to Tier 3 or 4. Review account history to understand original tier rationale. If relationship cannot be reactivated within 30 days, proceed with downgrade to free up strategic focus.",True
0013y00001eIr6xAAC,Budget Blinds of Tampa,0013y00001eIr6xAAC,Budget Blinds of Tampa,AMER_PACE_RCG_CMRCL_MM_NL_RETAIL_08,Taylor Schlosser,Tampa,FL,Retail & CG,Adam Kassam,Tanner DeVries,0,1000,Tier 1,0,0,0,0,RCG,False,0,,,Overtiered Risk,High,"Tier Tier 1 | $0 Salesforce spend | Zero external signals | 1,000 employees","**TIER MISMATCH: Tier 1 Without Engagement**

Current Classification: Tier 1 (""Strategic accounts"")
What This Should Mean: Strategic focus, dedicated coverage, high revenue potential

**SALESFORCE ENGAGEMENT:**
• H1 FY27 ACV: $0 (zero revenue closed in first half of fiscal year)
• FY27 AOV (Annual Operating Value): $0 (no ongoing Salesforce subscription)
• ATR (Available to Renew): $0 (nothing to renew)
→ Total Salesforce footprint: ZERO

**EXTERNAL SIGNALS:**
• News coverage (past 12 months): ZERO articles
• No media visibility, no growth signals, no market activity detected

**COMPANY PROFILE:**
• Employee count: 1,000
• Industry: Retail & CG
• Location: Tampa, FL

**ANALYSIS:**
High tier designation without any engagement or external signals suggests one of three scenarios:
(a) Relationship was never successfully developed despite initial tiering
(b) Account went dormant after initial engagement ended
(c) Tier was assigned based on outdated potential assessment

Maintaining high tier for inactive account diverts strategic resources from accounts with actual engagement.","IMMEDIATE ACTION: Downgrade to Tier 3 or 4. Review account history to understand original tier rationale. If relationship cannot be reactivated within 30 days, proceed with downgrade to free up strategic focus.",True
0010M00001WIVvEQAX,Car Talk,0010M00001WIVvEQAX,Car Talk,AMER_PACE_MAE_CMRCL_AUE_NE_MM_05,Benewaa Owusu,Oakland,CA,"Manufacturing, Automotive & Energy",AMER - PACE - MAE - CMRCL - AUE - AVP,Sara Bissmeyer,0,303,Tier 1,0,0,0,0,AUE,True,7,"The modern parenting throuple: Mom, Dad, and Papa Clanker | #2663: Martha, Martha, Martha! | #2661: The Dreamsicle-Mobile",2026-08-23,Overtiered Risk,Medium,Tier Tier 1 | $0 Salesforce | 7 articles = active business | Zero conversion,"**TIER MISMATCH: High Tier Without Salesforce Engagement**

Current Classification: Tier 1 (""Strategic accounts"")

**SALESFORCE ENGAGEMENT: ZERO**
• H1 FY27 ACV: $0
• FY27 AOV: $0
• No Salesforce adoption despite high-tier status


**NEWS COVERAGE ANALYSIS:**
• Total articles found: 7
• Most recent coverage: 2026-08-23
• Coverage period: Past 12 months

**SPECIFIC EVENTS/HEADLINES IDENTIFIED:**
• The modern parenting throuple: Mom, Dad, and Papa Clanker
• #2663: Martha, Martha, Martha!
• #2661: The Dreamsicle-Mobile

**COMPANY PROFILE:**
• Size: 303 employees
• Industry: Manufacturing, Automotive & Energy
• Location: Oakland, CA

**ANALYSIS:**
This account exhibits a critical mismatch: high strategic tier classification but zero Salesforce footprint. News coverage proves the company is active and operational, which rules out the ""out of business"" scenario. However, 7 articles of coverage combined with zero Salesforce adoption suggests:

• Wrong ICP fit (company may not match Salesforce sweet spot despite size)
• Competitive loss (may have chosen competitor platform)
• Unsuccessful prospecting (unable to convert interest to engagement)
• Aspirational tier (tiered on potential, not actual relationship)

Current tier overstates relationship reality and may be diverting resources from accounts with actual traction.","INVESTIGATE: Pull sales history, competitive intel, and past engagement attempts. Determine if relationship is saveable. If no clear path to engagement within 90 days, downgrade tier to match reality. Document lessons learned for future tier assignments.",True
aBR300000004Di6GAE,"KAWASAKI HEAVY INDUSTRIES, LTD.",001ed00000nQfhdAAC,Kawasaki Engines ITSM,AMER_PACE_MAE_CMRCL_MFG_C_MII_GB_01,Leslie Brandtjen,GRAND RAPIDS,MI,"Manufacturing, Automotive & Energy",AMER - PACE - MAE - CMRCL - MFG - C - AVP,Bailey Kasik,0,1129,Tier 1,0,0,0,0,MFG C,True,5,"Flue Gas Desulfurization System Market worth $31.70 billion by 2031 - Exclusive Report by MarketsandMarkets™ | Flue Gas Desulfurization System Market worth $31.70 billion by 2031 - Exclusive Report by MarketsandMarkets™ | Unmanned Underwater Vehicle (UUV) Global Market Forecast to 2031 | Expansion of Dual-Use Applications Across Defense, Commercial, and Research Sectors Present Opportunities",2026-08-21,Overtiered Risk,Medium,Tier Tier 1 | $0 Salesforce | 5 articles = active business | Zero conversion,"**TIER MISMATCH: High Tier Without Salesforce Engagement**

Current Classification: Tier 1 (""Strategic accounts"")

**SALESFORCE ENGAGEMENT: ZERO**
• H1 FY27 ACV: $0
• FY27 AOV: $0
• No Salesforce adoption despite high-tier status


**NEWS COVERAGE ANALYSIS:**
• Total articles found: 5
• Most recent coverage: 2026-08-21
• Coverage period: Past 12 months

**SPECIFIC EVENTS/HEADLINES IDENTIFIED:**
• Flue Gas Desulfurization System Market worth $31.70 billion by 2031 - Exclusive Report by MarketsandMarkets™
• Flue Gas Desulfurization System Market worth $31.70 billion by 2031 - Exclusive Report by MarketsandMarkets™
• Unmanned Underwater Vehicle (UUV) Global Market Forecast to 2031
📍 EXPANSION: Expansion of Dual-Use Applications Across Defense, Commercia...

**COMPANY PROFILE:**
• Size: 1,129 employees
• Industry: Manufacturing, Automotive & Energy
• Location: GRAND RAPIDS, MI

**ANALYSIS:**
This account exhibits a critical mismatch: high strategic tier classification but zero Salesforce footprint. News coverage proves the company is active and operational, which rules out the ""out of business"" scenario. However, 5 articles of coverage combined with zero Salesforce adoption suggests:

• Wrong ICP fit (company may not match Salesforce sweet spot despite size)
• Competitive loss (may have chosen competitor platform)
• Unsuccessful prospecting (unable to convert interest to engagement)
• Aspirational tier (tiered on potential, not actual relationship)

Current tier overstates relationship reality and may be diverting resources from accounts with actual traction.","INVESTIGATE: Pull sales history, competitive intel, and past engagement attempts. Determine if relationship is saveable. If no clear path to engagement within 90 days, downgrade tier to match reality. Document lessons learned for future tier assignments.",True
aBR3y000000bsQjGAI,Master International Corporation,0010000000135xMAAQ,Master Electronics,AMER_PACE_MAE_CMRCL_MFG_E_FLG_MM_04,Candace Williams,Tampa,FL,"Manufacturing, Automotive & Energy",Stephen Keller,Dustin Kolo,0,485,Tier 2,0,0,0,0,MFG E,False,0,,,Overtiered Risk,High,Tier Tier 2 | $0 Salesforce spend | Zero external signals | 485 employees,"**TIER MISMATCH: Tier 2 Without Engagement**

Current Classification: Tier 2 (""High priority accounts"")
What This Should Mean: Strategic focus, dedicated coverage, high revenue potential

**SALESFORCE ENGAGEMENT:**
• H1 FY27 ACV: $0 (zero revenue closed in first half of fiscal year)
• FY27 AOV (Annual Operating Value): $0 (no ongoing Salesforce subscription)
• ATR (Available to Renew): $0 (nothing to renew)
→ Total Salesforce footprint: ZERO

**EXTERNAL SIGNALS:**
• News coverage (past 12 months): ZERO articles
• No media visibility, no growth signals, no market activity detected

**COMPANY PROFILE:**
• Employee count: 485
• Industry: Manufacturing, Automotive & Energy
• Location: Tampa, FL

**ANALYSIS:**
High tier designation without any engagement or external signals suggests one of three scenarios:
(a) Relationship was never successfully developed despite initial tiering
(b) Account went dormant after initial engagement ended
(c) Tier was assigned based on outdated potential assessment

Maintaining high tier for inactive account diverts strategic resources from accounts with actual engagement.","IMMEDIATE ACTION: Downgrade to Tier 3 or 4. Review account history to understand original tier rationale. If relationship cannot be reactivated within 30 days, proceed with downgrade to free up strategic focus.",True
aBR3y0000000Hf1GAE,"K & M Tire, Inc.",0013000000M2RcCAAV,"K&M Tire, Inc.",AMER_PACE_MAE_CMRCL_MFG_W_MM_NL_E_01,adam rodman,Delphos,OH,"Manufacturing, Automotive & Energy",John Tragas,Chloe LeBaron,0,800,Tier 2,0,0,0,0,MFG W,False,0,,,Overtiered Risk,High,Tier Tier 2 | $0 Salesforce spend | Zero external signals | 800 employees,"**TIER MISMATCH: Tier 2 Without Engagement**

Current Classification: Tier 2 (""High priority accounts"")
What This Should Mean: Strategic focus, dedicated coverage, high revenue potential

**SALESFORCE ENGAGEMENT:**
• H1 FY27 ACV: $0 (zero revenue closed in first half of fiscal year)
• FY27 AOV (Annual Operating Value): $0 (no ongoing Salesforce subscription)
• ATR (Available to Renew): $0 (nothing to renew)
→ Total Salesforce footprint: ZERO

**EXTERNAL SIGNALS:**
• News coverage (past 12 months): ZERO articles
• No media visibility, no growth signals, no market activity detected

**COMPANY PROFILE:**
• Employee count: 800
• Industry: Manufacturing, Automotive & Energy
• Location: Delphos, OH

**ANALYSIS:**
High tier designation without any engagement or external signals suggests one of three scenarios:
(a) Relationship was never successfully developed despite initial tiering
(b) Account went dormant after initial engagement ended
(c) Tier was assigned based on outdated potential assessment

Maintaining high tier for inactive account diverts strategic resources from accounts with actual engagement.","IMMEDIATE ACTION: Downgrade to Tier 3 or 4. Review account history to understand original tier rationale. If relationship cannot be reactivated within 30 days, proceed with downgrade to free up strategic focus.",True
aBR0M000000GnSUWA0,ARAMCO Saudi Arabian Oil Company,0013000001NXnuUAAT,"Niantic, Inc.",AMER_PACE_MAE_CMRCL_MFG_W_PSW_GB_02,Andrew Lopez,San Francisco,CA,Communications & Media,John Tragas,Eric Pilon-Bignell,0,501,Tier 2,0,0,0,0,MFG W,False,0,,,Overtiered Risk,High,Tier Tier 2 | $0 Salesforce spend | Zero external signals | 501 employees,"**TIER MISMATCH: Tier 2 Without Engagement**

Current Classification: Tier 2 (""High priority accounts"")
What This Should Mean: Strategic focus, dedicated coverage, high revenue potential

**SALESFORCE ENGAGEMENT:**
• H1 FY27 ACV: $0 (zero revenue closed in first half of fiscal year)
• FY27 AOV (Annual Operating Value): $0 (no ongoing Salesforce subscription)
• ATR (Available to Renew): $0 (nothing to renew)
→ Total Salesforce footprint: ZERO

**EXTERNAL SIGNALS:**
• News coverage (past 12 months): ZERO articles
• No media visibility, no growth signals, no market activity detected

**COMPANY PROFILE:**
• Employee count: 501
• Industry: Communications & Media
• Location: San Francisco, CA

**ANALYSIS:**
High tier designation without any engagement or external signals suggests one of three scenarios:
(a) Relationship was never successfully developed despite initial tiering
(b) Account went dormant after initial engagement ended
(c) Tier was assigned based on outdated potential assessment

Maintaining high tier for inactive account diverts strategic resources from accounts with actual engagement.","IMMEDIATE ACTION: Downgrade to Tier 3 or 4. Review account history to understand original tier rationale. If relationship cannot be reactivated within 30 days, proceed with downgrade to free up strategic focus.",True
00130000002xb1NAAQ,The Honey Baked Ham Company,00130000002xb1NAAQ,The Honey Baked Ham Company,AMER_PACE_RCG_CMRCL_GB_CG_FMCG_E_01,Matthew de Castro,CINCINNATI,OH,Retail & CG,Marshall Hall,Rebecca Daharsh,0,1001,Tier 3,0,0,0,0,RCG,False,0,,,Tier Confirmed,Medium,"Limited signals available | 1,001 employees","**TIER CONFIRMED: Tier 3**

**Company Profile:**
• Size: 1,001 employees
• Industry: Retail & CG
• Location: CINCINNATI, OH

**Salesforce Engagement:**
• H1 FY27 ACV: $0
• FY27 AOV: $0
• Status: Limited/no current engagement

**Assessment:**
Current tier classification appears appropriately aligned with available signals. No strong indicators of systematic over- or undertiering detected. Account engagement level, company scale, and external market activity are consistent with tier expectations.","Maintain current tier. Continue standard territory coverage. Monitor for material changes: significant funding events, M&A activity, major ACV swings, or substantial shifts in news coverage that would warrant tier re-evaluation.",True
aBR300000004DCUGA2,PERNOD RICARD,0013000000ZlqeWAAR,Tequila Avion (Pernod Ricard),AMER_PACE_RCG_CMRCL_GB_CG_HMDU_E_04,Luke Olsen,New York,NY,Retail & CG,Marshall Hall,Rebecca Daharsh,0,1985,Tier 4,0,0,0,0,RCG,True,38,Brown-Forman Family Members Rebuked Company’s Management | FSSAI suspends license of Marche Retail; restrains SDP Industries from selling ghee | FSSAI issued 150 notices to food companies in recent months over misleading advertisements,2026-08-23,Undertiered Opportunity,High,"Tier Tier 4 | 38 articles (high visibility) | 1,985 employees | Strong signals","**UNDERTIERING ALERT: Low Tier Despite Strong Market Signals**

Current Classification: Tier 4
What This Means: Lowest priority, minimal focus


**EXTERNAL MARKET SIGNALS: HIGH ACTIVITY DETECTED**

📰 News Coverage Summary:
• Total articles: 38 (past 12 months)
• Most recent: 2026-08-23
• Frequency: ~3.2 articles per month

**BUSINESS EVENTS IDENTIFIED (3 specific events):**
• Brown-Forman Family Members Rebuked Company’s Management
⚖️ REGULATORY: FSSAI suspends license of Marche Retail; restrains SDP Industries from selling ghee
⚖️ REGULATORY: FSSAI issued 150 notices to food companies in recent months over misleading advertisements [Numbers: 150]

**COMPANY PROFILE:**
• Size: 1,985 employees
• Industry: Retail & CG
• Location: New York, NY

**CURRENT SALESFORCE ENGAGEMENT:**
• H1 FY27 ACV: $0
• FY27 AOV: $0
• Engagement level: None

**ANALYSIS:**
This account shows a significant mismatch between tier classification and external market signals. With 38 news articles in the past year, this company is demonstrating substantial market visibility and activity. High news volume typically correlates with:
• Business expansion or growth initiatives
• Strategic importance within their industry
• Active M&A or investment activity
• Product innovation or market positioning

Combined with 1,985 employees, this suggests enterprise-scale operations that may align with Salesforce's strategic focus areas. Low tier likely reflects historical sizing rather than current market reality. This could represent a significant untapped opportunity if strategic fit exists.","PRIORITY REVIEW: Deep-dive into recent news coverage to identify specific growth triggers (funding rounds, acquisitions, expansion plans, leadership changes). Cross-reference with PACE CMRCL ICP criteria for Retail & CG vertical. If strategic fit exists, recommend upgrade to Tier 2 for dedicated account coverage. Assign AE/BDR to research and develop initial POV within 2 weeks.",True
aBR3y0000004r4DGAQ,"Azenta, Inc.",0010M00001Qm7pYQAR,"RURO, Inc.",AMER_PACE_MAE_CMRCL_MFG_E_NNE_GB_02,Stephanie Henrich,South Plainfield,MA,Healthcare & Life Sciences,Stephen Keller,Sam Telfer,0,3500,Tier 3,0,0,0,0,MFG E,True,4,"Life Science Funding Weakness Hit Azenta’s (AZTA) Outlook | Life Science Funding Weakness Hit Azenta’s (AZTA) Outlook | Azenta Reports Third Quarter Results for Fiscal 2026, Ended June 30, 2026.",2026-08-06,Undertiered Opportunity,Medium,"Tier Tier 3 | 3,500 employees (enterprise) | Healthcare & Life Sciences | Scale/tier mismatch","**POTENTIAL UNDERTIERING: Enterprise Scale, Low Tier**

Current Classification: Tier 3

**COMPANY SCALE ANALYSIS:**
• Employee count: 3,500 (ENTERPRISE SEGMENT)
• Industry: Healthcare & Life Sciences
• Location: South Plainfield, MA
• Scale places company in top tier of market by size


**RECENT NEWS (4 articles):**
💰 FUNDING: Investment/funding activity
💰 FUNDING: Investment/funding activity
📊 FINANCIAL: Azenta Reports Third Quarter Results for Fiscal 2026, Ended June 30, 2026.

**CURRENT SALESFORCE ENGAGEMENT:**
• H1 FY27 ACV: $0
• FY27 AOV: $0
• Engagement: Limited despite company scale

**ANALYSIS:**
Company size of 3,500 employees indicates enterprise-scale operations. Organizations of this size typically have:
• Complex go-to-market needs (multi-channel, partner ecosystems)
• Large sales/service teams requiring CRM capabilities
• Digital transformation initiatives at scale
• Budget authority for enterprise software investments

Current low tier may reflect limited historical engagement rather than true account potential. For Healthcare & Life Sciences vertical, company of this scale often represents strategic opportunity if ICP fit exists.","VALIDATE ICP FIT: Research Healthcare & Life Sciences vertical alignment with PACE CMRCL focus areas (Retail/CG/Manufacturing). If vertical aligns, investigate why engagement is limited despite enterprise scale. Possible reasons: competitive displacement, budget timing, lack of prospecting. If ICP fit confirmed, consider tier upgrade and assign territory owner for 30-day research sprint.",True
001ed00000JhOIoAAN,Tak Sang,001ed00000JhOIoAAN,Tak Sang,AMER_PACE_RCG_CMRCL_MM_NL_CG_04,Gabriel Flores,San Francisco,CA,Retail & CG,Adam Kassam,Kyle Warren,0,849,Tier 3,0,0,0,0,RCG,False,0,,,Tier Confirmed,Medium,Limited signals available | 849 employees,"**TIER CONFIRMED: Tier 3**

**Company Profile:**
• Size: 849 employees
• Industry: Retail & CG
• Location: San Francisco, CA

**Salesforce Engagement:**
• H1 FY27 ACV: $0
• FY27 AOV: $0
• Status: Limited/no current engagement

**Assessment:**
Current tier classification appears appropriately aligned with available signals. No strong indicators of systematic over- or undertiering detected. Account engagement level, company scale, and external market activity are consistent with tier expectations.","Maintain current tier. Continue standard territory coverage. Monitor for material changes: significant funding events, M&A activity, major ACV swings, or substantial shifts in news coverage that would warrant tier re-evaluation.",True
aBRed000002Ibb7GAC,Rockfish,00130000002xd0xAAA,Rockfish Seafood Grill,AMER_PACE_RCG_CMRCL_MM_NL_RETAIL_07,John Summers,Richardson,TX,Retail & CG,Adam Kassam,Tanner DeVries,0,550,Tier 3,0,0,0,0,RCG,True,32,"Coimbatore corporation launches textile waste collection pilot campaign | Meet Luca McGill, the Arizona eighth-grader who flew a drone 120 metres into the sky expecting cities to have the most ground-level CO2; rural areas did instead | Divisional commissioner hears 31 grievance cases, orders inquiries",2026-08-22,Undertiered Opportunity,High,Tier Tier 3 | 32 articles (high visibility) | 550 employees | Strong signals,"**UNDERTIERING ALERT: Low Tier Despite Strong Market Signals**

Current Classification: Tier 3
What This Means: Limited priority, opportunistic coverage


**EXTERNAL MARKET SIGNALS: HIGH ACTIVITY DETECTED**

📰 News Coverage Summary:
• Total articles: 32 (past 12 months)
• Most recent: 2026-08-22
• Frequency: ~2.7 articles per month

**BUSINESS EVENTS IDENTIFIED (2 specific events):**
🚀 PRODUCT: Coimbatore corporation launches textile waste collection pilot campaig...
• Divisional commissioner hears 31 grievance cases, orders inquiries

**COMPANY PROFILE:**
• Size: 550 employees
• Industry: Retail & CG
• Location: Richardson, TX

**CURRENT SALESFORCE ENGAGEMENT:**
• H1 FY27 ACV: $0
• FY27 AOV: $0
• Engagement level: None

**ANALYSIS:**
This account shows a significant mismatch between tier classification and external market signals. With 32 news articles in the past year, this company is demonstrating substantial market visibility and activity. High news volume typically correlates with:
• Business expansion or growth initiatives
• Strategic importance within their industry
• Active M&A or investment activity
• Product innovation or market positioning

Combined with 550 employees, this suggests enterprise-scale operations that may align with Salesforce's strategic focus areas. Low tier likely reflects historical sizing rather than current market reality. This could represent a significant untapped opportunity if strategic fit exists.","PRIORITY REVIEW: Deep-dive into recent news coverage to identify specific growth triggers (funding rounds, acquisitions, expansion plans, leadership changes). Cross-reference with PACE CMRCL ICP criteria for Retail & CG vertical. If strategic fit exists, recommend upgrade to Tier 2 for dedicated account coverage. Assign AE/BDR to research and develop initial POV within 2 weeks.",True
aBRed0000004viyGAA,Trend Technologies LLC,0013y00001hNocRAAS,Trend Technologies - DUPE,AMER_PACE_MAE_CMRCL_MFG_W_PSW_GB_03,Mary Leonard,Chino,CA,"Manufacturing, Automotive & Energy",John Tragas,Eric Pilon-Bignell,0,1001,Tier 4,0,0,0,0,MFG W,False,0,,,Tier Confirmed,Medium,"Limited signals available | 1,001 employees","**TIER CONFIRMED: Tier 4**

**Company Profile:**
• Size: 1,001 employees
• Industry: Manufacturing, Automotive & Energy
• Location: Chino, CA

**Salesforce Engagement:**
• H1 FY27 ACV: $0
• FY27 AOV: $0
• Status: Limited/no current engagement

**Assessment:**
Current tier classification appears appropriately aligned with available signals. No strong indicators of systematic over- or undertiering detected. Account engagement level, company scale, and external market activity are consistent with tier expectations.","Maintain current tier. Continue standard territory coverage. Monitor for material changes: significant funding events, M&A activity, major ACV swings, or substantial shifts in news coverage that would warrant tier re-evaluation.",True
aBR3y0000000DSIGA2,"Fleetpride, Inc.",0013000001NXca8AAD,Triple K Fleet Service (FleetPride Sub),AMER_PACE_MAE_CMRCL_MFG_W_TXL_GB_03,Galit Rikovitch,Irving,TX,"Manufacturing, Automotive & Energy",John Tragas,John Berg,0,2387,Tier 4,0,0,0,0,MFG W,False,0,,,Undertiered Opportunity,Medium,"Tier Tier 4 | 2,387 employees (enterprise) | Manufacturing, Automotive & Energy | Scale/tier mismatch","**POTENTIAL UNDERTIERING: Enterprise Scale, Low Tier**

Current Classification: Tier 4

**COMPANY SCALE ANALYSIS:**
• Employee count: 2,387 (ENTERPRISE SEGMENT)
• Industry: Manufacturing, Automotive & Energy
• Location: Irving, TX
• Scale places company in top tier of market by size

**CURRENT SALESFORCE ENGAGEMENT:**
• H1 FY27 ACV: $0
• FY27 AOV: $0
• Engagement: Limited despite company scale

**ANALYSIS:**
Company size of 2,387 employees indicates enterprise-scale operations. Organizations of this size typically have:
• Complex go-to-market needs (multi-channel, partner ecosystems)
• Large sales/service teams requiring CRM capabilities
• Digital transformation initiatives at scale
• Budget authority for enterprise software investments

Current low tier may reflect limited historical engagement rather than true account potential. For Manufacturing, Automotive & Energy vertical, company of this scale often represents strategic opportunity if ICP fit exists.","VALIDATE ICP FIT: Research Manufacturing, Automotive & Energy vertical alignment with PACE CMRCL focus areas (Retail/CG/Manufacturing). If vertical aligns, investigate why engagement is limited despite enterprise scale. Possible reasons: competitive displacement, budget timing, lack of prospecting. If ICP fit confirmed, consider tier upgrade and assign territory owner for 30-day research sprint.",True
0013000001FizjzAAB,Contra Costa Country Club,0013000001FizjzAAB,Contra Costa Country Club,AMER_PACE_RCG_CMRCL_MM_NL_RETAIL_LOA_TempCoverage_01A,Colin O'Brien,Pleasant Hill,CA,Retail & CG,Adam Kassam,Tanner DeVries,0,501,Tier 3,0,0,0,0,RCG,False,0,,,Tier Confirmed,Medium,Limited signals available | 501 employees,"**TIER CONFIRMED: Tier 3**

**Company Profile:**
• Size: 501 employees
• Industry: Retail & CG
• Location: Pleasant Hill, CA

**Salesforce Engagement:**
• H1 FY27 ACV: $0
• FY27 AOV: $0
• Status: Limited/no current engagement

**Assessment:**
Current tier classification appears appropriately aligned with available signals. No strong indicators of systematic over- or undertiering detected. Account engagement level, company scale, and external market activity are consistent with tier expectations.","Maintain current tier. Continue standard territory coverage. Monitor for material changes: significant funding events, M&A activity, major ACV swings, or substantial shifts in news coverage that would warrant tier re-evaluation.",True
0010M00001SJ2rLQAT,Melt Bar & Grilled,0010M00001SJ2rLQAT,Melt Bar & Grilled,AMER_PACE_RCG_CMRCL_MM_NL_CG_03,Dakota Burk,Independence,OH,Retail & CG,Adam Kassam,Kyle Warren,0,732,Tier 4,0,0,0,0,RCG,False,0,,,Tier Confirmed,Medium,Limited signals available | 732 employees,"**TIER CONFIRMED: Tier 4**

**Company Profile:**
• Size: 732 employees
• Industry: Retail & CG
• Location: Independence, OH

**Salesforce Engagement:**
• H1 FY27 ACV: $0
• FY27 AOV: $0
• Status: Limited/no current engagement

**Assessment:**
Current tier classification appears appropriately aligned with available signals. No strong indicators of systematic over- or undertiering detected. Account engagement level, company scale, and external market activity are consistent with tier expectations.","Maintain current tier. Continue standard territory coverage. Monitor for material changes: significant funding events, M&A activity, major ACV swings, or substantial shifts in news coverage that would warrant tier re-evaluation.",True
aBR300000004EBoGAM,"Monogram Food Solutions, LLC",0013000000rpkeFAAQ,"Trail's Best Snacks, LLC",AMER_PACE_RCG_CMRCL_GB_CG_HMDU_E_04,Luke Olsen,Memphis,TN,Retail & CG,Marshall Hall,Rebecca Daharsh,0,3000,Tier 3,0,0,0,0,RCG,False,0,,,Undertiered Opportunity,Medium,"Tier Tier 3 | 3,000 employees (enterprise) | Retail & CG | Scale/tier mismatch","**POTENTIAL UNDERTIERING: Enterprise Scale, Low Tier**

Current Classification: Tier 3

**COMPANY SCALE ANALYSIS:**
• Employee count: 3,000 (ENTERPRISE SEGMENT)
• Industry: Retail & CG
• Location: Memphis, TN
• Scale places company in top tier of market by size

**CURRENT SALESFORCE ENGAGEMENT:**
• H1 FY27 ACV: $0
• FY27 AOV: $0
• Engagement: Limited despite company scale

**ANALYSIS:**
Company size of 3,000 employees indicates enterprise-scale operations. Organizations of this size typically have:
• Complex go-to-market needs (multi-channel, partner ecosystems)
• Large sales/service teams requiring CRM capabilities
• Digital transformation initiatives at scale
• Budget authority for enterprise software investments

Current low tier may reflect limited historical engagement rather than true account potential. For Retail & CG vertical, company of this scale often represents strategic opportunity if ICP fit exists.","VALIDATE ICP FIT: Research Retail & CG vertical alignment with PACE CMRCL focus areas (Retail/CG/Manufacturing). If vertical aligns, investigate why engagement is limited despite enterprise scale. Possible reasons: competitive displacement, budget timing, lack of prospecting. If ICP fit confirmed, consider tier upgrade and assign territory owner for 30-day research sprint.",True
aBR3y0000000GU5GAM,Electric Power Board Of Chattanooga,0013y00001cTO94AAG,Epb,AMER_PACE_MAE_CMRCL_AUE_SE_MM_01,Conor O'Malley,Chattanooga,TN,"Manufacturing, Automotive & Energy",AMER - PACE - MAE - CMRCL - AUE - AVP,Jason Fajardo,0,764,Tier 4,0,0,0,0,AUE,False,0,,,Tier Confirmed,Medium,Limited signals available | 764 employees,"**TIER CONFIRMED: Tier 4**

**Company Profile:**
• Size: 764 employees
• Industry: Manufacturing, Automotive & Energy
• Location: Chattanooga, TN

**Salesforce Engagement:**
• H1 FY27 ACV: $0
• FY27 AOV: $0
• Status: Limited/no current engagement

**Assessment:**
Current tier classification appears appropriately aligned with available signals. No strong indicators of systematic over- or undertiering detected. Account engagement level, company scale, and external market activity are consistent with tier expectations.","Maintain current tier. Continue standard territory coverage. Monitor for material changes: significant funding events, M&A activity, major ACV swings, or substantial shifts in news coverage that would warrant tier re-evaluation.",True
aBR300000004QTEGA2,"SEKISUI CHEMICAL CO., LTD.",0013000001CDPYxAAP,"Kydex, LLC (Sekisui SPI)",AMER_PACE_MAE_CMRCL_MFG_W_PNW_MM_02,Joseph Scheffer,Austell,WA,"Manufacturing, Automotive & Energy",John Tragas,Brent Cambra,0,999,Tier 3,0,0,0,0,MFG W,False,0,,,Tier Confirmed,Medium,Limited signals available | 999 employees,"**TIER CONFIRMED: Tier 3**

**Company Profile:**
• Size: 999 employees
• Industry: Manufacturing, Automotive & Energy
• Location: Austell, WA

**Salesforce Engagement:**
• H1 FY27 ACV: $0
• FY27 AOV: $0
• Status: Limited/no current engagement

**Assessment:**
Current tier classification appears appropriately aligned with available signals. No strong indicators of systematic over- or undertiering detected. Account engagement level, company scale, and external market activity are consistent with tier expectations.","Maintain current tier. Continue standard territory coverage. Monitor for material changes: significant funding events, M&A activity, major ACV swings, or substantial shifts in news coverage that would warrant tier re-evaluation.",True
0013y00001cVemnAAC,Lorann LLC,0013y00001cVemnAAC,Lorann LLC,AMER_PACE_MAE_CMRCL_MFG_E_NJC_GB_TempCoverage_03,Andrew Peck,Auburn Hills,New York,"Manufacturing, Automotive & Energy",Stephen Keller,Lucas Crowley,0,1792,Tier 3,0,0,0,0,MFG E,False,0,,,Undertiered Opportunity,Medium,"Tier Tier 3 | 1,792 employees (enterprise) | Manufacturing, Automotive & Energy | Scale/tier mismatch","**POTENTIAL UNDERTIERING: Enterprise Scale, Low Tier**

Current Classification: Tier 3

**COMPANY SCALE ANALYSIS:**
• Employee count: 1,792 (ENTERPRISE SEGMENT)
• Industry: Manufacturing, Automotive & Energy
• Location: Auburn Hills, New York
• Scale places company in top tier of market by size

**CURRENT SALESFORCE ENGAGEMENT:**
• H1 FY27 ACV: $0
• FY27 AOV: $0
• Engagement: Limited despite company scale

**ANALYSIS:**
Company size of 1,792 employees indicates enterprise-scale operations. Organizations of this size typically have:
• Complex go-to-market needs (multi-channel, partner ecosystems)
• Large sales/service teams requiring CRM capabilities
• Digital transformation initiatives at scale
• Budget authority for enterprise software investments

Current low tier may reflect limited historical engagement rather than true account potential. For Manufacturing, Automotive & Energy vertical, company of this scale often represents strategic opportunity if ICP fit exists.","VALIDATE ICP FIT: Research Manufacturing, Automotive & Energy vertical alignment with PACE CMRCL focus areas (Retail/CG/Manufacturing). If vertical aligns, investigate why engagement is limited despite enterprise scale. Possible reasons: competitive displacement, budget timing, lack of prospecting. If ICP fit confirmed, consider tier upgrade and assign territory owner for 30-day research sprint.",True
aBRed000000B5ijGAC,Berkshire Ice Cmrcl,0013y00001eeK7EAAU,NFM,AMER_PACE_RCG_CMRCL_MM_RETAIL_E_01,Carly Aronin,Kansas City,MO,Retail & CG,Adam Kassam,David Freifeld,0,2500,Tier 4,0,0,0,0,RCG,False,0,,,Undertiered Opportunity,Medium,"Tier Tier 4 | 2,500 employees (enterprise) | Retail & CG | Scale/tier mismatch","**POTENTIAL UNDERTIERING: Enterprise Scale, Low Tier**

Current Classification: Tier 4

**COMPANY SCALE ANALYSIS:**
• Employee count: 2,500 (ENTERPRISE SEGMENT)
• Industry: Retail & CG
• Location: Kansas City, MO
• Scale places company in top tier of market by size

**CURRENT SALESFORCE ENGAGEMENT:**
• H1 FY27 ACV: $0
• FY27 AOV: $0
• Engagement: Limited despite company scale

**ANALYSIS:**
Company size of 2,500 employees indicates enterprise-scale operations. Organizations of this size typically have:
• Complex go-to-market needs (multi-channel, partner ecosystems)
• Large sales/service teams requiring CRM capabilities
• Digital transformation initiatives at scale
• Budget authority for enterprise software investments

Current low tier may reflect limited historical engagement rather than true account potential. For Retail & CG vertical, company of this scale often represents strategic opportunity if ICP fit exists.","VALIDATE ICP FIT: Research Retail & CG vertical alignment with PACE CMRCL focus areas (Retail/CG/Manufacturing). If vertical aligns, investigate why engagement is limited despite enterprise scale. Possible reasons: competitive displacement, budget timing, lack of prospecting. If ICP fit confirmed, consider tier upgrade and assign territory owner for 30-day research sprint.",True
00130000002xbYPAAY,"Labinal, Inc.",00130000002xbYPAAY,"Labinal, Inc.",AMER_PACE_MAE_CMRCL_MFG_W_MM_NL_W_04,Ruben Munoz,Pryor,OK,"Manufacturing, Automotive & Energy",John Tragas,AMER - PACE - MAE - CMRCL - MFG - W - MM - NL - W - RVP,0,900,Tier 4,0,0,0,0,MFG W,False,0,,,Tier Confirmed,Medium,Limited signals available | 900 employees,"**TIER CONFIRMED: Tier 4**

**Company Profile:**
• Size: 900 employees
• Industry: Manufacturing, Automotive & Energy
• Location: Pryor, OK

**Salesforce Engagement:**
• H1 FY27 ACV: $0
• FY27 AOV: $0
• Status: Limited/no current engagement

**Assessment:**
Current tier classification appears appropriately aligned with available signals. No strong indicators of systematic over- or undertiering detected. Account engagement level, company scale, and external market activity are consistent with tier expectations.","Maintain current tier. Continue standard territory coverage. Monitor for material changes: significant funding events, M&A activity, major ACV swings, or substantial shifts in news coverage that would warrant tier re-evaluation.",True
aBR300000004QTtGAM,"Mitsui Chemicals, Inc.",0013000000hJZ2mAAG,Coburn Technologies,AMER_PACE_MAE_CMRCL_MFG_E_NJC_MM_TempCoverage_04B,Sydney Keaton,White Plains,NY,"Manufacturing, Automotive & Energy",Stephen Keller,Lucas Crowley,0,830,Tier 3,0,0,0,0,MFG E,True,2,Unidirectional (UD) Tapes Market worth $0.53 billion by 2031 - Exclusive Report by MarketsandMarkets™ | The New Material Age? How Technical Textiles Are Engineering Tomorrow,2026-08-06,Tier Confirmed,Medium,2 news articles | 830 employees,"**TIER CONFIRMED: Tier 3**

**Company Profile:**
• Size: 830 employees
• Industry: Manufacturing, Automotive & Energy
• Location: White Plains, NY

**Salesforce Engagement:**
• H1 FY27 ACV: $0
• FY27 AOV: $0
• Status: Limited/no current engagement


**Recent Activity (2 articles):**
• Unidirectional (UD) Tapes Market worth $0.53 billion by 2031 - Exclusive Report by MarketsandMarkets™
• The New Material Age? How Technical Textiles Are Engineering Tomorrow

**Assessment:**
Current tier classification appears appropriately aligned with available signals. No strong indicators of systematic over- or undertiering detected. Account engagement level, company scale, and external market activity are consistent with tier expectations.","Maintain current tier. Continue standard territory coverage. Monitor for material changes: significant funding events, M&A activity, major ACV swings, or substantial shifts in news coverage that would warrant tier re-evaluation.",True
aBR3y0000004tFtGAI,"Galls, Inc.",0013000001CCw8MAAT,"Best Uniforms, Inc",AMER_PACE_RCG_CMRCL_MM_NL_RETAIL_06,Nolan Barrett,Lexington,KY,Retail & CG,Adam Kassam,Tanner DeVries,0,600,Tier 4,0,0,0,0,RCG,False,0,,,Tier Confirmed,Medium,Limited signals available | 600 employees,"**TIER CONFIRMED: Tier 4**

**Company Profile:**
• Size: 600 employees
• Industry: Retail & CG
• Location: Lexington, KY

**Salesforce Engagement:**
• H1 FY27 ACV: $0
• FY27 AOV: $0
• Status: Limited/no current engagement

**Assessment:**
Current tier classification appears appropriately aligned with available signals. No strong indicators of systematic over- or undertiering detected. Account engagement level, company scale, and external market activity are consistent with tier expectations.","Maintain current tier. Continue standard territory coverage. Monitor for material changes: significant funding events, M&A activity, major ACV swings, or substantial shifts in news coverage that would warrant tier re-evaluation.",True
aBR300000004Di6GAE,"KAWASAKI HEAVY INDUSTRIES, LTD.",0010M00001W7lHNQAZ,"Kawasaki Motors Manufacturing Corp., U.S.A.",AMER_PACE_MAE_CMRCL_MFG_C_MII_GB_01,Leslie Brandtjen,GRAND RAPIDS,MI,"Manufacturing, Automotive & Energy",AMER - PACE - MAE - CMRCL - MFG - C - AVP,Bailey Kasik,0,1129,Tier 3,0,0,0,0,MFG C,True,5,"Flue Gas Desulfurization System Market worth $31.70 billion by 2031 - Exclusive Report by MarketsandMarkets™ | Flue Gas Desulfurization System Market worth $31.70 billion by 2031 - Exclusive Report by MarketsandMarkets™ | Unmanned Underwater Vehicle (UUV) Global Market Forecast to 2031 | Expansion of Dual-Use Applications Across Defense, Commercial, and Research Sectors Present Opportunities",2026-08-21,Tier Confirmed,Medium,"5 news articles | 1,129 employees","**TIER CONFIRMED: Tier 3**

**Company Profile:**
• Size: 1,129 employees
• Industry: Manufacturing, Automotive & Energy
• Location: GRAND RAPIDS, MI

**Salesforce Engagement:**
• H1 FY27 ACV: $0
• FY27 AOV: $0
• Status: Limited/no current engagement


**Recent Activity (5 articles):**
• Flue Gas Desulfurization System Market worth $31.70 billion by 2031 - Exclusive Report by MarketsandMarkets™
• Flue Gas Desulfurization System Market worth $31.70 billion by 2031 - Exclusive Report by MarketsandMarkets™
• Unmanned Underwater Vehicle (UUV) Global Market Forecast to 2031

**Assessment:**
Current tier classification appears appropriately aligned with available signals. No strong indicators of systematic over- or undertiering detected. Account engagement level, company scale, and external market activity are consistent with tier expectations.","Maintain current tier. Continue standard territory coverage. Monitor for material changes: significant funding events, M&A activity, major ACV swings, or substantial shifts in news coverage that would warrant tier re-evaluation.",True
0013000001JdCA4AAN,BeLeaf Medical,0013000001JdCA4AAN,BeLeaf Medical,AMER_PACE_RCG_CMRCL_GB_RETAIL_E_04,Michael LoPresti,Lees Summit,MO,Retail & CG,Marshall Hall,Glenn Harvin,0,3643,Tier 3,0,0,0,0,RCG,False,0,,,Undertiered Opportunity,Medium,"Tier Tier 3 | 3,643 employees (enterprise) | Retail & CG | Scale/tier mismatch","**POTENTIAL UNDERTIERING: Enterprise Scale, Low Tier**

Current Classification: Tier 3

**COMPANY SCALE ANALYSIS:**
• Employee count: 3,643 (ENTERPRISE SEGMENT)
• Industry: Retail & CG
• Location: Lees Summit, MO
• Scale places company in top tier of market by size

**CURRENT SALESFORCE ENGAGEMENT:**
• H1 FY27 ACV: $0
• FY27 AOV: $0
• Engagement: Limited despite company scale

**ANALYSIS:**
Company size of 3,643 employees indicates enterprise-scale operations. Organizations of this size typically have:
• Complex go-to-market needs (multi-channel, partner ecosystems)
• Large sales/service teams requiring CRM capabilities
• Digital transformation initiatives at scale
• Budget authority for enterprise software investments

Current low tier may reflect limited historical engagement rather than true account potential. For Retail & CG vertical, company of this scale often represents strategic opportunity if ICP fit exists.","VALIDATE ICP FIT: Research Retail & CG vertical alignment with PACE CMRCL focus areas (Retail/CG/Manufacturing). If vertical aligns, investigate why engagement is limited despite enterprise scale. Possible reasons: competitive displacement, budget timing, lack of prospecting. If ICP fit confirmed, consider tier upgrade and assign territory owner for 30-day research sprint.",True
0013000001LVsQ9AAL,Locals 8 Restaurant Group,0013000001LVsQ9AAL,Locals 8 Restaurant Group,AMER_PACE_RCG_CMRCL_GB_RETAIL_E_06,Ronica Dhaliwal,HARTFORD,CT,Retail & CG,Marshall Hall,Glenn Harvin,0,2606,Tier 3,0,0,0,0,RCG,False,0,,,Undertiered Opportunity,Medium,"Tier Tier 3 | 2,606 employees (enterprise) | Retail & CG | Scale/tier mismatch","**POTENTIAL UNDERTIERING: Enterprise Scale, Low Tier**

Current Classification: Tier 3

**COMPANY SCALE ANALYSIS:**
• Employee count: 2,606 (ENTERPRISE SEGMENT)
• Industry: Retail & CG
• Location: HARTFORD, CT
• Scale places company in top tier of market by size

**CURRENT SALESFORCE ENGAGEMENT:**
• H1 FY27 ACV: $0
• FY27 AOV: $0
• Engagement: Limited despite company scale

**ANALYSIS:**
Company size of 2,606 employees indicates enterprise-scale operations. Organizations of this size typically have:
• Complex go-to-market needs (multi-channel, partner ecosystems)
• Large sales/service teams requiring CRM capabilities
• Digital transformation initiatives at scale
• Budget authority for enterprise software investments

Current low tier may reflect limited historical engagement rather than true account potential. For Retail & CG vertical, company of this scale often represents strategic opportunity if ICP fit exists.","VALIDATE ICP FIT: Research Retail & CG vertical alignment with PACE CMRCL focus areas (Retail/CG/Manufacturing). If vertical aligns, investigate why engagement is limited despite enterprise scale. Possible reasons: competitive displacement, budget timing, lack of prospecting. If ICP fit confirmed, consider tier upgrade and assign territory owner for 30-day research sprint.",True
aBRed000000A64CGAS,Village Super Markets,0013y00001d78r7AAA,Village Super Markets,AMER_PACE_RCG_CMRCL_GB_RETAIL_E_05,Taylor Remsen,Springfield,NJ,Retail & CG,Marshall Hall,Glenn Harvin,0,2170,Tier 3,0,0,0,0,RCG,False,0,,,Undertiered Opportunity,Medium,"Tier Tier 3 | 2,170 employees (enterprise) | Retail & CG | Scale/tier mismatch","**POTENTIAL UNDERTIERING: Enterprise Scale, Low Tier**

Current Classification: Tier 3

**COMPANY SCALE ANALYSIS:**
• Employee count: 2,170 (ENTERPRISE SEGMENT)
• Industry: Retail & CG
• Location: Springfield, NJ
• Scale places company in top tier of market by size

**CURRENT SALESFORCE ENGAGEMENT:**
• H1 FY27 ACV: $0
• FY27 AOV: $0
• Engagement: Limited despite company scale

**ANALYSIS:**
Company size of 2,170 employees indicates enterprise-scale operations. Organizations of this size typically have:
• Complex go-to-market needs (multi-channel, partner ecosystems)
• Large sales/service teams requiring CRM capabilities
• Digital transformation initiatives at scale
• Budget authority for enterprise software investments

Current low tier may reflect limited historical engagement rather than true account potential. For Retail & CG vertical, company of this scale often represents strategic opportunity if ICP fit exists.","VALIDATE ICP FIT: Research Retail & CG vertical alignment with PACE CMRCL focus areas (Retail/CG/Manufacturing). If vertical aligns, investigate why engagement is limited despite enterprise scale. Possible reasons: competitive displacement, budget timing, lack of prospecting. If ICP fit confirmed, consider tier upgrade and assign territory owner for 30-day research sprint.",True
aBR300000004DX9GAM,Columbus McKinnon Corporation,00100000001LCYPAA4,"Magnetek, Inc.",AMER_PACE_MAE_CMRCL_MFG_E_NJC_GB_01,Joseph Madrazo,Charlotte,NC,"Manufacturing, Automotive & Energy",Stephen Keller,Lucas Crowley,0,3328,Tier 3,0,0,0,0,MFG E,True,2,Columbus McKinnon Q1 Earnings Call Highlights | Columbus McKinnon Reports Record Orders and Sales in Q1 FY27; Increases FY27 Guidance,2026-07-30,Undertiered Opportunity,Medium,"Tier Tier 3 | 3,328 employees (enterprise) | Manufacturing, Automotive & Energy | Scale/tier mismatch","**POTENTIAL UNDERTIERING: Enterprise Scale, Low Tier**

Current Classification: Tier 3

**COMPANY SCALE ANALYSIS:**
• Employee count: 3,328 (ENTERPRISE SEGMENT)
• Industry: Manufacturing, Automotive & Energy
• Location: Charlotte, NC
• Scale places company in top tier of market by size


**RECENT NEWS (2 articles):**
📊 FINANCIAL: Columbus McKinnon Q1 Earnings Call Highlights
📊 FINANCIAL: Columbus McKinnon Reports Record Orders and Sales in Q1 FY27; Increases FY27 Gui...

**CURRENT SALESFORCE ENGAGEMENT:**
• H1 FY27 ACV: $0
• FY27 AOV: $0
• Engagement: Limited despite company scale

**ANALYSIS:**
Company size of 3,328 employees indicates enterprise-scale operations. Organizations of this size typically have:
• Complex go-to-market needs (multi-channel, partner ecosystems)
• Large sales/service teams requiring CRM capabilities
• Digital transformation initiatives at scale
• Budget authority for enterprise software investments

Current low tier may reflect limited historical engagement rather than true account potential. For Manufacturing, Automotive & Energy vertical, company of this scale often represents strategic opportunity if ICP fit exists.","VALIDATE ICP FIT: Research Manufacturing, Automotive & Energy vertical alignment with PACE CMRCL focus areas (Retail/CG/Manufacturing). If vertical aligns, investigate why engagement is limited despite enterprise scale. Possible reasons: competitive displacement, budget timing, lack of prospecting. If ICP fit confirmed, consider tier upgrade and assign territory owner for 30-day research sprint.",True
0013y00001eXmmQAAS,Stoll America Knitting Machinery Inc,0013y00001eXmmQAAS,Stoll America Knitting Machinery Inc,AMER_PACE_MAE_CMRCL_MFG_W_MM_NL_E_07,Jordan Thomas,New York,NY,"Manufacturing, Automotive & Energy",John Tragas,Chloe LeBaron,0,1000,Tier 3,0,0,0,0,MFG W,False,0,,,Tier Confirmed,Medium,"Limited signals available | 1,000 employees","**TIER CONFIRMED: Tier 3**

**Company Profile:**
• Size: 1,000 employees
• Industry: Manufacturing, Automotive & Energy
• Location: New York, NY

**Salesforce Engagement:**
• H1 FY27 ACV: $0
• FY27 AOV: $0
• Status: Limited/no current engagement

**Assessment:**
Current tier classification appears appropriately aligned with available signals. No strong indicators of systematic over- or undertiering detected. Account engagement level, company scale, and external market activity are consistent with tier expectations.","Maintain current tier. Continue standard territory coverage. Monitor for material changes: significant funding events, M&A activity, major ACV swings, or substantial shifts in news coverage that would warrant tier re-evaluation.",True
0013000001JybROAAZ,Numero Uno Acquistion LLC,0013000001JybROAAZ,Numero Uno Acquistion LLC,AMER_PACE_RCG_CMRCL_MM_NL_CG_02,Brandon Mathis,Los Angeles,CA,Retail & CG,Adam Kassam,Kyle Warren,0,850,Tier 4,0,0,0,0,RCG,False,0,,,Tier Confirmed,Medium,Limited signals available | 850 employees,"**TIER CONFIRMED: Tier 4**

**Company Profile:**
• Size: 850 employees
• Industry: Retail & CG
• Location: Los Angeles, CA

**Salesforce Engagement:**
• H1 FY27 ACV: $0
• FY27 AOV: $0
• Status: Limited/no current engagement

**Assessment:**
Current tier classification appears appropriately aligned with available signals. No strong indicators of systematic over- or undertiering detected. Account engagement level, company scale, and external market activity are consistent with tier expectations.","Maintain current tier. Continue standard territory coverage. Monitor for material changes: significant funding events, M&A activity, major ACV swings, or substantial shifts in news coverage that would warrant tier re-evaluation.",True
aBRed000000GY96GAG,"Coulter Cadillac, Inc. (Coulter Automotive Group)",0013000001NX6p1AAD,"Coulter Cadillac, Inc. (Coulter Automotive Group)",AMER_PACE_MAE_CMRCL_AUE_W_GB_02,Gwendolyn Ortiz,Phoenix,AZ,"Manufacturing, Automotive & Energy",AMER - PACE - MAE - CMRCL - AUE - AVP,Kay Boakye-Yiadom,0,1001,Tier 3,0,0,0,0,AUE,False,0,,,Tier Confirmed,Medium,"Limited signals available | 1,001 employees","**TIER CONFIRMED: Tier 3**

**Company Profile:**
• Size: 1,001 employees
• Industry: Manufacturing, Automotive & Energy
• Location: Phoenix, AZ

**Salesforce Engagement:**
• H1 FY27 ACV: $0
• FY27 AOV: $0
• Status: Limited/no current engagement

**Assessment:**
Current tier classification appears appropriately aligned with available signals. No strong indicators of systematic over- or undertiering detected. Account engagement level, company scale, and external market activity are consistent with tier expectations.","Maintain current tier. Continue standard territory coverage. Monitor for material changes: significant funding events, M&A activity, major ACV swings, or substantial shifts in news coverage that would warrant tier re-evaluation.",True
0013000001MsTILAA3,Ellis & Watts (Dupe),0013000001MsTILAA3,Ellis & Watts (Dupe),AMER_PACE_RCG_CMRCL_GB_CG_HMDU_E_04,Luke Olsen,Omaha,CT,"Manufacturing, Automotive & Energy",Marshall Hall,Rebecca Daharsh,0,10001,Tier 4,0,0,0,0,RCG,False,0,,,Bad Data,High,Duplicate Record: DUPE marker in name,"Account name explicitly marked as ""(DUPE)"" - this is a duplicate CRM entry that should be merged with the primary account or deleted to avoid double-counting metrics and confusing territory owners.",Remove from active account list. Consolidate with primary/parent account.,True
0013y00001eXlYZAA0,(DUPE) - Charles Tyrwhitt Llp*,0013y00001eXlYZAA0,(DUPE) - Charles Tyrwhitt Llp*,AMER_PACE_RCG_CMRCL_MM_NL_CG_05,Grady Saunders,New York,NY,Retail & CG,Adam Kassam,Kyle Warren,0,1000,Tier 4,0,0,0,0,RCG,False,0,,,Bad Data,High,Duplicate Record: DUPE marker in name,"Account name explicitly marked as ""(DUPE)"" - this is a duplicate CRM entry that should be merged with the primary account or deleted to avoid double-counting metrics and confusing territory owners.",Remove from active account list. Consolidate with primary/parent account.,True
0010M00001QkO4tQAF,Kunes Country #dupe,0010M00001QkO4tQAF,Kunes Country #dupe,AMER_PACE_MAE_CMRCL_AUE_SE_MM_01,Conor O'Malley,Sterling,IL,"Manufacturing, Automotive & Energy",AMER - PACE - MAE - CMRCL - AUE - AVP,Jason Fajardo,0,501,Tier 4,0,0,0,0,AUE,False,0,,,Bad Data,High,Duplicate Record: DUPE marker in name,"Account name explicitly marked as ""(DUPE)"" - this is a duplicate CRM entry that should be merged with the primary account or deleted to avoid double-counting metrics and confusing territory owners.",Remove from active account list. Consolidate with primary/parent account.,True
0013000001L5xIdAAJ,The Meatball Shop - OOB,0013000001L5xIdAAJ,The Meatball Shop - OOB,AMER_PACE_RCG_CMRCL_MM_NL_RETAIL_02,Colby Stiglic,New York,NY,Retail & CG,Adam Kassam,Tanner DeVries,0,330,Tier 4,0,0,0,0,RCG,False,0,,,Bad Data,High,Out of Business: OOB marker,"Account marked as ""OOB"" (Out of Business) - this company is defunct and should be removed from active account lists to prevent wasted prospecting effort.",Remove from active account list. Consolidate with primary/parent account.,True
0013000000KxL0NAAV,Daphne's California Greek (OOB),0013000000KxL0NAAV,Daphne's California Greek (OOB),AMER_PACE_RCG_CMRCL_MM_NL_CG_02,Brandon Mathis,SAN DIEGO,CA,Retail & CG,Adam Kassam,Kyle Warren,0,850,Tier 4,0,0,0,0,RCG,False,0,,,Bad Data,High,Out of Business: OOB marker,"Account marked as ""OOB"" (Out of Business) - this company is defunct and should be removed from active account lists to prevent wasted prospecting effort.",Remove from active account list. Consolidate with primary/parent account.,True
001ed00000A4cc2AAB,"Sixth Street Partners, LLC (DUPE)",001ed00000A4cc2AAB,"Sixth Street Partners, LLC (DUPE)",AMER_PACE_RCG_CMRCL_MM_NL_RETAIL_07,John Summers,austin,TX,Retail & CG,Adam Kassam,Tanner DeVries,0,500,Tier 4,0,0,0,0,RCG,False,0,,,Bad Data,High,Duplicate Record: DUPE marker in name,"Account name explicitly marked as ""(DUPE)"" - this is a duplicate CRM entry that should be merged with the primary account or deleted to avoid double-counting metrics and confusing territory owners.",Remove from active account list. Consolidate with primary/parent account.,True
0010M00001WJLwlQAH,Crown Brands (OOB),0010M00001WJLwlQAH,Crown Brands (OOB),AMER_PACE_RCG_CMRCL_MM_NL_RETAIL_TempCovrage_05B,Ivette Johnson,Lincolnshire,IL,Retail & CG,Adam Kassam,Tanner DeVries,0,314,Tier 4,0,0,0,0,RCG,False,0,,,Bad Data,High,Out of Business: OOB marker,"Account marked as ""OOB"" (Out of Business) - this company is defunct and should be removed from active account lists to prevent wasted prospecting effort.",Remove from active account list. Consolidate with primary/parent account.,True
0010M00001TyZPsQAN,Crossroads Mobile Maintenance (Acquired),0010M00001TyZPsQAN,Crossroads Mobile Maintenance (Acquired),AMER_PACE_MAE_CMRCL_MFG_W_MM_NL_E_TempCoverage_03A,Joseph Insana,Reed City,MI,"Manufacturing, Automotive & Energy",John Tragas,Chloe LeBaron,0,501,Tier 4,0,0,0,0,MFG W,False,0,,,Bad Data,High,Data Quality Issue: Quality flags present,Account name contains cleanup flags.,Remove from active account list. Consolidate with primary/parent account.,True
0010M00001WaJBQQA3,Magic gourmet trading INC (OOB),0010M00001WaJBQQA3,Magic gourmet trading INC (OOB),AMER_PACE_RCG_CMRCL_MM_NL_CG_08,Justin Allan,Millbrae,CA,Retail & CG,Adam Kassam,Kyle Warren,0,500,Tier 4,0,0,0,0,RCG,False,0,,,Bad Data,High,Out of Business: OOB marker,"Account marked as ""OOB"" (Out of Business) - this company is defunct and should be removed from active account lists to prevent wasted prospecting effort.",Remove from active account list. Consolidate with primary/parent account.,True
0013000001JyZwQAAV,TDS Services Inc (OOB),0013000001JyZwQAAV,TDS Services Inc (OOB),AMER_PACE_RCG_CMRCL_MM_NL_RETAIL_TempCovrage_05A,Colby Stiglic,Mount Vernon,IL,Retail & CG,Adam Kassam,Tanner DeVries,0,400,Tier 4,0,0,0,0,RCG,False,0,,,Bad Data,High,Out of Business: OOB marker,"Account marked as ""OOB"" (Out of Business) - this company is defunct and should be removed from active account lists to prevent wasted prospecting effort.",Remove from active account list. Consolidate with primary/parent account.,True
aBRed0000028TevGAE,Tetco Inc (DUPE - Owned by 7Eleven),001ed00000JhPd3AAF,Tetco Inc (DUPE - Owned by 7Eleven),AMER_PACE_MAE_CMRCL_AUE_W_GB_LOA_TempCoverage_03,Gwendolyn Ortiz,San Antonio,TX,"Manufacturing, Automotive & Energy",AMER - PACE - MAE - CMRCL - AUE - AVP,Kay Boakye-Yiadom,0,3500,Tier 4,0,0,0,0,AUE,False,0,,,Bad Data,High,Duplicate Record: DUPE marker in name,"Account name explicitly marked as ""(DUPE)"" - this is a duplicate CRM entry that should be merged with the primary account or deleted to avoid double-counting metrics and confusing territory owners.",Remove from active account list. Consolidate with primary/parent account.,True
0013000001JyWIIAA3,Queen Enterprises L L C (DUPE),0013000001JyWIIAA3,Queen Enterprises L L C (DUPE),AMER_PACE_RCG_CMRCL_MM_NL_RETAIL_07,John Summers,Paola,KS,Retail & CG,Adam Kassam,Tanner DeVries,0,396,Tier 4,0,0,0,0,RCG,False,0,,,Bad Data,High,Duplicate Record: DUPE marker in name,"Account name explicitly marked as ""(DUPE)"" - this is a duplicate CRM entry that should be merged with the primary account or deleted to avoid double-counting metrics and confusing territory owners.",Remove from active account list. Consolidate with primary/parent account.,True
00130000001tlqPAAQ,"Columbia Steel Casting Co., Inc. - OOB",00130000001tlqPAAQ,"Columbia Steel Casting Co., Inc. - OOB",AMER_PACE_MAE_CMRCL_MFG_W_MM_NL_W_09,Stephanie Lowry,Portland,OR,"Manufacturing, Automotive & Energy",John Tragas,AMER - PACE - MAE - CMRCL - MFG - W - MM - NL - W - RVP,0,350,Tier 4,0,0,0,0,MFG W,False,0,,,Bad Data,High,Out of Business: OOB marker,"Account marked as ""OOB"" (Out of Business) - this company is defunct and should be removed from active account lists to prevent wasted prospecting effort.",Remove from active account list. Consolidate with primary/parent account.,True
aBRed000000GXI7GAO,AIMS Companies LLC (Dupe),0013y00001fhtsgAAA,AIMS Companies LLC (Dupe),AMER_PACE_MAE_CMRCL_MFG_C_MWE_MM_01,Alex Ritschard,Scottsdale,AZ,"Manufacturing, Automotive & Energy",AMER - PACE - MAE - CMRCL - MFG - C - AVP,Isaac Rush,0,501,Tier 4,0,0,0,0,MFG C,False,0,,,Bad Data,High,Duplicate Record: DUPE marker in name,"Account name explicitly marked as ""(DUPE)"" - this is a duplicate CRM entry that should be merged with the primary account or deleted to avoid double-counting metrics and confusing territory owners.",Remove from active account list. Consolidate with primary/parent account.,True
001ed0000044b1vAAA,Fabcon (DUPE),001ed0000044b1vAAA,Fabcon (DUPE),AMER_PACE_MAE_CMRCL_MFG_W_MM_NL_W_LOA_TEMPCOVERAGE_08,Gabrielle Carels,SANTA ANA,CA,"Manufacturing, Automotive & Energy",John Tragas,AMER - PACE - MAE - CMRCL - MFG - W - MM - NL - W - RVP,0,500,Tier 4,0,0,0,0,MFG W,False,0,,,Bad Data,High,Duplicate Record: DUPE marker in name,"Account name explicitly marked as ""(DUPE)"" - this is a duplicate CRM entry that should be merged with the primary account or deleted to avoid double-counting metrics and confusing territory owners.",Remove from active account list. Consolidate with primary/parent account.,True
0013000000LzX2WAAV,European American Foods Group (OOB),0013000000LzX2WAAV,European American Foods Group (OOB),AMER_PACE_RCG_CMRCL_MM_NL_CG_06,Martha Abotchie,Bayonne,NJ,Retail & CG,Adam Kassam,Kyle Warren,0,325,Tier 4,0,0,0,0,RCG,False,0,,,Bad Data,High,Out of Business: OOB marker,"Account marked as ""OOB"" (Out of Business) - this company is defunct and should be removed from active account lists to prevent wasted prospecting effort.",Remove from active account list. Consolidate with primary/parent account.,True
0013y00001f9DrrAAE,Casting Lights - OOB,0013y00001f9DrrAAE,Casting Lights - OOB,AMER_PACE_RCG_CMRCL_MM_NL_CG_08,Justin Allan,Los angeles,CA,Retail & CG,Adam Kassam,Kyle Warren,0,1000,Tier 4,0,0,0,0,RCG,False,0,,,Bad Data,High,Out of Business: OOB marker,"Account marked as ""OOB"" (Out of Business) - this company is defunct and should be removed from active account lists to prevent wasted prospecting effort.",Remove from active account list. Consolidate with primary/parent account.,True
0013000001JyhrfAAB,"Choate & Company, Inc. (DUPE)",0013000001JyhrfAAB,"Choate & Company, Inc. (DUPE)",AMER_PACE_RCG_CMRCL_MM_NL_RETAIL_TempCovrage_05B,Ivette Johnson,Waconia,MN,Retail & CG,Adam Kassam,Tanner DeVries,0,350,Tier 4,0,0,0,0,RCG,False,0,,,Bad Data,High,Duplicate Record: DUPE marker in name,"Account name explicitly marked as ""(DUPE)"" - this is a duplicate CRM entry that should be merged with the primary account or deleted to avoid double-counting metrics and confusing territory owners.",Remove from active account list. Consolidate with primary/parent account.,True
0013000001JyUSeAAN,"Fred Flemings Famous Bar-B-Que Restaurants, Llc (OOB)",0013000001JyUSeAAN,"Fred Flemings Famous Bar-B-Que Restaurants, Llc (OOB)",AMER_PACE_RCG_CMRCL_MM_NL_RETAIL_08,Taylor Schlosser,Tampa,FL,Retail & CG,Adam Kassam,Tanner DeVries,0,400,Tier 4,0,0,0,0,RCG,False,0,,,Bad Data,High,Out of Business: OOB marker,"Account marked as ""OOB"" (Out of Business) - this company is defunct and should be removed from active account lists to prevent wasted prospecting effort.",Remove from active account list. Consolidate with primary/parent account.,True
00130000016j1rRAAQ,"Shanghai NAR Industrial Co., Ltd. (DUPE)",00130000016j1rRAAQ,"Shanghai NAR Industrial Co., Ltd. (DUPE)",AMER_PACE_MAE_CMRCL_MFG_W_MM_NL_E_06,Joseph Insana,Shanghai,VA,"Manufacturing, Automotive & Energy",John Tragas,Chloe LeBaron,0,481,Tier 4,0,0,0,0,MFG W,False,0,,,Bad Data,High,Duplicate Record: DUPE marker in name,"Account name explicitly marked as ""(DUPE)"" - this is a duplicate CRM entry that should be merged with the primary account or deleted to avoid double-counting metrics and confusing territory owners.",Remove from active account list. Consolidate with primary/parent account.,True
0013y00001dQbLIAA0,"(DUPE) - Pepsi Cola Of Florence, LLC",0013y00001dQbLIAA0,"(DUPE) - Pepsi Cola Of Florence, LLC",AMER_PACE_RCG_CMRCL_MM_NL_CG_05,Grady Saunders,Florence,SC,Retail & CG,Adam Kassam,Kyle Warren,0,500,Tier 4,0,0,0,0,RCG,False,0,,,Bad Data,High,Duplicate Record: DUPE marker in name,"Account name explicitly marked as ""(DUPE)"" - this is a duplicate CRM entry that should be merged with the primary account or deleted to avoid double-counting metrics and confusing territory owners.",Remove from active account list. Consolidate with primary/parent account.,True
0010M00001WHqezQAD,Meiya Group- AeroEngines (DUPE),0010M00001WHqezQAD,Meiya Group- AeroEngines (DUPE),AMER_PACE_MAE_CMRCL_MFG_W_MM_NL_E_06,Joseph Insana,,VA,"Manufacturing, Automotive & Energy",John Tragas,Chloe LeBaron,0,900,Tier 4,0,0,0,0,MFG W,False,0,,,Bad Data,High,Duplicate Record: DUPE marker in name,"Account name explicitly marked as ""(DUPE)"" - this is a duplicate CRM entry that should be merged with the primary account or deleted to avoid double-counting metrics and confusing territory owners.",Remove from active account list. Consolidate with primary/parent account.,True
0013000001JycF1AAJ,Har-Mar Foods Inc DUPE,0013000001JycF1AAJ,Har-Mar Foods Inc DUPE,AMER_PACE_RCG_CMRCL_MM_NL_RETAIL_TempCovrage_05A,Colby Stiglic,Marshall,MN,Retail & CG,Adam Kassam,Tanner DeVries,0,350,Tier 4,0,0,0,0,RCG,False,0,,,Bad Data,High,Duplicate Record: DUPE marker in name,"Account name explicitly marked as ""(DUPE)"" - this is a duplicate CRM entry that should be merged with the primary account or deleted to avoid double-counting metrics and confusing territory owners.",Remove from active account list. Consolidate with primary/parent account.,True
00130000008SL1aAAG,Synergy Outdoors (DUPE),00130000008SL1aAAG,Synergy Outdoors (DUPE),AMER_PACE_RCG_CMRCL_MM_NL_CG_02,Brandon Mathis,New Roads,LA,Retail & CG,Adam Kassam,Kyle Warren,0,301,Tier 4,0,0,0,0,RCG,False,0,,,Bad Data,High,Duplicate Record: DUPE marker in name,"Account name explicitly marked as ""(DUPE)"" - this is a duplicate CRM entry that should be merged with the primary account or deleted to avoid double-counting metrics and confusing territory owners.",Remove from active account list. Consolidate with primary/parent account.,True
00130000005YHRCAA4,"Cordua Restaurants, LP (OOB)",00130000005YHRCAA4,"Cordua Restaurants, LP (OOB)",AMER_PACE_RCG_CMRCL_MM_NL_RETAIL_07,John Summers,Houston,TX,Retail & CG,Adam Kassam,Tanner DeVries,0,400,Tier 4,0,0,0,0,RCG,False,0,,,Bad Data,High,Out of Business: OOB marker,"Account marked as ""OOB"" (Out of Business) - this company is defunct and should be removed from active account lists to prevent wasted prospecting effort.",Remove from active account list. Consolidate with primary/parent account.,True
aBR3y000000LIAMGA4,"Service Tire Truck Center, Inc.",00130000002xbl8AAA,"Service Tire Truck Center, Inc.",AMER_PACE_MAE_CMRCL_AUE_NE_MM_05,Benewaa Owusu,Bethlehem,PA,"Manufacturing, Automotive & Energy",AMER - PACE - MAE - CMRCL - AUE - AVP,Sara Bissmeyer,0,629,Tier 2,0,0,0,0,AUE,False,0,,,Overtiered Risk,High,Tier Tier 2 | $0 Salesforce spend | Zero external signals | 629 employees,"**TIER MISMATCH: Tier 2 Without Engagement**

Current Classification: Tier 2 (""High priority accounts"")
What This Should Mean: Strategic focus, dedicated coverage, high revenue potential

**SALESFORCE ENGAGEMENT:**
• H1 FY27 ACV: $0 (zero revenue closed in first half of fiscal year)
• FY27 AOV (Annual Operating Value): $0 (no ongoing Salesforce subscription)
• ATR (Available to Renew): $0 (nothing to renew)
→ Total Salesforce footprint: ZERO

**EXTERNAL SIGNALS:**
• News coverage (past 12 months): ZERO articles
• No media visibility, no growth signals, no market activity detected

**COMPANY PROFILE:**
• Employee count: 629
• Industry: Manufacturing, Automotive & Energy
• Location: Bethlehem, PA

**ANALYSIS:**
High tier designation without any engagement or external signals suggests one of three scenarios:
(a) Relationship was never successfully developed despite initial tiering
(b) Account went dormant after initial engagement ended
(c) Tier was assigned based on outdated potential assessment

Maintaining high tier for inactive account diverts strategic resources from accounts with actual engagement.","IMMEDIATE ACTION: Downgrade to Tier 3 or 4. Review account history to understand original tier rationale. If relationship cannot be reactivated within 30 days, proceed with downgrade to free up strategic focus.",True
aBRed000000EMIVGA4,Vermont Flannel Company,00130000001Nw31AAC,Vermont Flannel Company,AMER_PACE_RCG_CMRCL_MM_NL_CG_06,Martha Abotchie,SHELBURNE,VT,Retail & CG,Adam Kassam,Kyle Warren,0,500,Tier 3,0,0,0,0,RCG,False,0,,,Tier Confirmed,Medium,Limited signals available | 500 employees,"**TIER CONFIRMED: Tier 3**

**Company Profile:**
• Size: 500 employees
• Industry: Retail & CG
• Location: SHELBURNE, VT

**Salesforce Engagement:**
• H1 FY27 ACV: $0
• FY27 AOV: $0
• Status: Limited/no current engagement

**Assessment:**
Current tier classification appears appropriately aligned with available signals. No strong indicators of systematic over- or undertiering detected. Account engagement level, company scale, and external market activity are consistent with tier expectations.","Maintain current tier. Continue standard territory coverage. Monitor for material changes: significant funding events, M&A activity, major ACV swings, or substantial shifts in news coverage that would warrant tier re-evaluation.",True
0013y00001h1kriAAA,Cuisinart,0013y00001h1kriAAA,Cuisinart,AMER_PACE_MAE_CMRCL_AUE_NE_GB_03,John Tomesco,Stamford,CT,"Manufacturing, Automotive & Energy",AMER - PACE - MAE - CMRCL - AUE - AVP,Sara Bissmeyer,0,1001,Tier 4,0,0,0,0,AUE,True,86,Cuisinart Classic White Triple Rivet 15-Piece Knife Block Set for $100 + free shipping | Target Weekly Ad: 8/23-8/29 | Microfiber Cleaning Cloth 10-Pack for $2 + free shipping w/ $25,2026-08-21,Undertiered Opportunity,High,"Tier Tier 4 | 86 articles (high visibility) | 1,001 employees | Strong signals","**UNDERTIERING ALERT: Low Tier Despite Strong Market Signals**

Current Classification: Tier 4
What This Means: Lowest priority, minimal focus


**EXTERNAL MARKET SIGNALS: HIGH ACTIVITY DETECTED**

📰 News Coverage Summary:
• Total articles: 86 (past 12 months)
• Most recent: 2026-08-21
• Frequency: ~7.2 articles per month

**BUSINESS EVENTS IDENTIFIED (3 specific events):**
• Cuisinart Classic White Triple Rivet 15-Piece Knife Block Set for $100 + free shipping
• Target Weekly Ad: 8/23-8/29
• Microfiber Cleaning Cloth 10-Pack for $2 + free shipping w/ $25

**COMPANY PROFILE:**
• Size: 1,001 employees
• Industry: Manufacturing, Automotive & Energy
• Location: Stamford, CT

**CURRENT SALESFORCE ENGAGEMENT:**
• H1 FY27 ACV: $0
• FY27 AOV: $0
• Engagement level: None

**ANALYSIS:**
This account shows a significant mismatch between tier classification and external market signals. With 86 news articles in the past year, this company is demonstrating substantial market visibility and activity. High news volume typically correlates with:
• Business expansion or growth initiatives
• Strategic importance within their industry
• Active M&A or investment activity
• Product innovation or market positioning

Combined with 1,001 employees, this suggests enterprise-scale operations that may align with Salesforce's strategic focus areas. Low tier likely reflects historical sizing rather than current market reality. This could represent a significant untapped opportunity if strategic fit exists.","PRIORITY REVIEW: Deep-dive into recent news coverage to identify specific growth triggers (funding rounds, acquisitions, expansion plans, leadership changes). Cross-reference with PACE CMRCL ICP criteria for Manufacturing, Automotive & Energy vertical. If strategic fit exists, recommend upgrade to Tier 2 for dedicated account coverage. Assign AE/BDR to research and develop initial POV within 2 weeks.",True
aBR3y000000HGnjGAG,"Unique Fabricating, Inc.",00130000002xXsaAAE,Unique Fabricating Incorporated (DUPE),AMER_PACE_MAE_CMRCL_MFG_W_MM_NL_E_06,Joseph Insana,Auburn Hills,MI,"Manufacturing, Automotive & Energy",John Tragas,Chloe LeBaron,0,734,Tier 4,0,0,0,0,MFG W,False,0,,,Tier Confirmed,Medium,Limited signals available | 734 employees,"**TIER CONFIRMED: Tier 4**

**Company Profile:**
• Size: 734 employees
• Industry: Manufacturing, Automotive & Energy
• Location: Auburn Hills, MI

**Salesforce Engagement:**
• H1 FY27 ACV: $0
• FY27 AOV: $0
• Status: Limited/no current engagement

**Assessment:**
Current tier classification appears appropriately aligned with available signals. No strong indicators of systematic over- or undertiering detected. Account engagement level, company scale, and external market activity are consistent with tier expectations.","Maintain current tier. Continue standard territory coverage. Monitor for material changes: significant funding events, M&A activity, major ACV swings, or substantial shifts in news coverage that would warrant tier re-evaluation.",True
aBR0M000000bpCpWAI,"Markwins Beauty Brands, Inc.",0010M00001So9vtQAB,Markwins,AMER_PACE_RCG_CMRCL_MM_NL_CG_08,Justin Allan,city of industry,CA,Retail & CG,Adam Kassam,Kyle Warren,0,1001,Tier 4,0,0,0,0,RCG,False,0,,,Tier Confirmed,Medium,"Limited signals available | 1,001 employees","**TIER CONFIRMED: Tier 4**

**Company Profile:**
• Size: 1,001 employees
• Industry: Retail & CG
• Location: city of industry, CA

**Salesforce Engagement:**
• H1 FY27 ACV: $0
• FY27 AOV: $0
• Status: Limited/no current engagement

**Assessment:**
Current tier classification appears appropriately aligned with available signals. No strong indicators of systematic over- or undertiering detected. Account engagement level, company scale, and external market activity are consistent with tier expectations.","Maintain current tier. Continue standard territory coverage. Monitor for material changes: significant funding events, M&A activity, major ACV swings, or substantial shifts in news coverage that would warrant tier re-evaluation.",True
aBR3y000000H7tXGAS,"Sea Watch International, Ltd.",00130000002xXO1AAM,Sea Watch International Ltd,AMER_PACE_RCG_CMRCL_MM_NL_CG_09,Nicholas Sublett,Easton,MD,Retail & CG,Adam Kassam,Kyle Warren,0,450,Tier 3,0,0,0,0,RCG,False,0,,,Tier Confirmed,Medium,Limited signals available | 450 employees,"**TIER CONFIRMED: Tier 3**

**Company Profile:**
• Size: 450 employees
• Industry: Retail & CG
• Location: Easton, MD

**Salesforce Engagement:**
• H1 FY27 ACV: $0
• FY27 AOV: $0
• Status: Limited/no current engagement

**Assessment:**
Current tier classification appears appropriately aligned with available signals. No strong indicators of systematic over- or undertiering detected. Account engagement level, company scale, and external market activity are consistent with tier expectations.","Maintain current tier. Continue standard territory coverage. Monitor for material changes: significant funding events, M&A activity, major ACV swings, or substantial shifts in news coverage that would warrant tier re-evaluation.",True
001ed00000d3oqMAAQ,"TRANSPORTES AEREOS PORTUGUESES, S.A. (TAP)",001ed00000d3oqMAAQ,"TRANSPORTES AEREOS PORTUGUESES, S.A. (TAP)",AMER_PACE_MAE_CMRCL_MFG_W_MM_NL_W_TempCoverage_05,Gabrielle Carels,Lake Forest,IL,"Manufacturing, Automotive & Energy",John Tragas,AMER - PACE - MAE - CMRCL - MFG - W - MM - NL - W - RVP,0,1000,Tier 2,0,0,0,0,MFG W,False,0,,,Overtiered Risk,High,"Tier Tier 2 | $0 Salesforce spend | Zero external signals | 1,000 employees","**TIER MISMATCH: Tier 2 Without Engagement**

Current Classification: Tier 2 (""High priority accounts"")
What This Should Mean: Strategic focus, dedicated coverage, high revenue potential

**SALESFORCE ENGAGEMENT:**
• H1 FY27 ACV: $0 (zero revenue closed in first half of fiscal year)
• FY27 AOV (Annual Operating Value): $0 (no ongoing Salesforce subscription)
• ATR (Available to Renew): $0 (nothing to renew)
→ Total Salesforce footprint: ZERO

**EXTERNAL SIGNALS:**
• News coverage (past 12 months): ZERO articles
• No media visibility, no growth signals, no market activity detected

**COMPANY PROFILE:**
• Employee count: 1,000
• Industry: Manufacturing, Automotive & Energy
• Location: Lake Forest, IL

**ANALYSIS:**
High tier designation without any engagement or external signals suggests one of three scenarios:
(a) Relationship was never successfully developed despite initial tiering
(b) Account went dormant after initial engagement ended
(c) Tier was assigned based on outdated potential assessment

Maintaining high tier for inactive account diverts strategic resources from accounts with actual engagement.","IMMEDIATE ACTION: Downgrade to Tier 3 or 4. Review account history to understand original tier rationale. If relationship cannot be reactivated within 30 days, proceed with downgrade to free up strategic focus.",True
aBR3y000000CfJeGAK,"Ruiz Food Products, Inc.",00130000002ENEAAA4,"Ruiz Foods, Inc. (MAIN)",AMER_PACE_RCG_CMRCL_GB_CG_HMDU_W_01,Grace Miller,Dinuba,CA,Retail & CG,Marshall Hall,Timothy Livas,0,2500,Tier 1,0,0,0,0,RCG,False,0,,,Overtiered Risk,High,"Tier Tier 1 | $0 Salesforce spend | Zero external signals | 2,500 employees","**TIER MISMATCH: Tier 1 Without Engagement**

Current Classification: Tier 1 (""Strategic accounts"")
What This Should Mean: Strategic focus, dedicated coverage, high revenue potential

**SALESFORCE ENGAGEMENT:**
• H1 FY27 ACV: $0 (zero revenue closed in first half of fiscal year)
• FY27 AOV (Annual Operating Value): $0 (no ongoing Salesforce subscription)
• ATR (Available to Renew): $0 (nothing to renew)
→ Total Salesforce footprint: ZERO

**EXTERNAL SIGNALS:**
• News coverage (past 12 months): ZERO articles
• No media visibility, no growth signals, no market activity detected

**COMPANY PROFILE:**
• Employee count: 2,500
• Industry: Retail & CG
• Location: Dinuba, CA

**ANALYSIS:**
High tier designation without any engagement or external signals suggests one of three scenarios:
(a) Relationship was never successfully developed despite initial tiering
(b) Account went dormant after initial engagement ended
(c) Tier was assigned based on outdated potential assessment

Maintaining high tier for inactive account diverts strategic resources from accounts with actual engagement.","IMMEDIATE ACTION: Downgrade to Tier 3 or 4. Review account history to understand original tier rationale. If relationship cannot be reactivated within 30 days, proceed with downgrade to free up strategic focus.",True
aBR300000004OaOGAU,"M-D Building Products, Inc.",0013000000HlaqWAAR,M-D Building Products,AMER_PACE_MAE_CMRCL_MFG_W_TXL_MM_05,Scott Thomson,OKLAHOMA CITY,OK,"Manufacturing, Automotive & Energy",John Tragas,John Berg,0,800,Tier 2,0,0,0,0,MFG W,False,0,,,Overtiered Risk,High,Tier Tier 2 | $0 Salesforce spend | Zero external signals | 800 employees,"**TIER MISMATCH: Tier 2 Without Engagement**

Current Classification: Tier 2 (""High priority accounts"")
What This Should Mean: Strategic focus, dedicated coverage, high revenue potential

**SALESFORCE ENGAGEMENT:**
• H1 FY27 ACV: $0 (zero revenue closed in first half of fiscal year)
• FY27 AOV (Annual Operating Value): $0 (no ongoing Salesforce subscription)
• ATR (Available to Renew): $0 (nothing to renew)
→ Total Salesforce footprint: ZERO

**EXTERNAL SIGNALS:**
• News coverage (past 12 months): ZERO articles
• No media visibility, no growth signals, no market activity detected

**COMPANY PROFILE:**
• Employee count: 800
• Industry: Manufacturing, Automotive & Energy
• Location: OKLAHOMA CITY, OK

**ANALYSIS:**
High tier designation without any engagement or external signals suggests one of three scenarios:
(a) Relationship was never successfully developed despite initial tiering
(b) Account went dormant after initial engagement ended
(c) Tier was assigned based on outdated potential assessment

Maintaining high tier for inactive account diverts strategic resources from accounts with actual engagement.","IMMEDIATE ACTION: Downgrade to Tier 3 or 4. Review account history to understand original tier rationale. If relationship cannot be reactivated within 30 days, proceed with downgrade to free up strategic focus.",True
aBR300000004E2rGAE,Kenross Lux Two S.Àr.L.,0013000000hJFSOAA4,"Scotsman Industries, Inc (2nd Org)",AMER_PACE_MAE_CMRCL_MFG_E_FLG_MM_03,Olivia Stanziale,Woodridge,IL,"Manufacturing, Automotive & Energy",Stephen Keller,Dustin Kolo,0,800,Tier 3,0,0,0,0,MFG E,False,0,,,Tier Confirmed,Medium,Limited signals available | 800 employees,"**TIER CONFIRMED: Tier 3**

**Company Profile:**
• Size: 800 employees
• Industry: Manufacturing, Automotive & Energy
• Location: Woodridge, IL

**Salesforce Engagement:**
• H1 FY27 ACV: $0
• FY27 AOV: $0
• Status: Limited/no current engagement

**Assessment:**
Current tier classification appears appropriately aligned with available signals. No strong indicators of systematic over- or undertiering detected. Account engagement level, company scale, and external market activity are consistent with tier expectations.","Maintain current tier. Continue standard territory coverage. Monitor for material changes: significant funding events, M&A activity, major ACV swings, or substantial shifts in news coverage that would warrant tier re-evaluation.",True
0013000000hLyfrAAC,Giant RV,0013000000hLyfrAAC,Giant RV,AMER_PACE_MAE_CMRCL_AUE_C_MM_TempCoverage_04A,Julianne Tuohy,Montclair,CA,"Manufacturing, Automotive & Energy",AMER - PACE - MAE - CMRCL - AUE - AVP,Nicholas Zaleski,0,323,Tier 1,0,0,0,0,AUE,False,0,,,Overtiered Risk,High,Tier Tier 1 | $0 Salesforce spend | Zero external signals | 323 employees,"**TIER MISMATCH: Tier 1 Without Engagement**

Current Classification: Tier 1 (""Strategic accounts"")
What This Should Mean: Strategic focus, dedicated coverage, high revenue potential

**SALESFORCE ENGAGEMENT:**
• H1 FY27 ACV: $0 (zero revenue closed in first half of fiscal year)
• FY27 AOV (Annual Operating Value): $0 (no ongoing Salesforce subscription)
• ATR (Available to Renew): $0 (nothing to renew)
→ Total Salesforce footprint: ZERO

**EXTERNAL SIGNALS:**
• News coverage (past 12 months): ZERO articles
• No media visibility, no growth signals, no market activity detected

**COMPANY PROFILE:**
• Employee count: 323
• Industry: Manufacturing, Automotive & Energy
• Location: Montclair, CA

**ANALYSIS:**
High tier designation without any engagement or external signals suggests one of three scenarios:
(a) Relationship was never successfully developed despite initial tiering
(b) Account went dormant after initial engagement ended
(c) Tier was assigned based on outdated potential assessment

Maintaining high tier for inactive account diverts strategic resources from accounts with actual engagement.","IMMEDIATE ACTION: Downgrade to Tier 3 or 4. Review account history to understand original tier rationale. If relationship cannot be reactivated within 30 days, proceed with downgrade to free up strategic focus.",True
0010M00001U40m7QAB,"Energy Transportation, LLC",0010M00001U40m7QAB,"Energy Transportation, LLC",AMER_PACE_MAE_CMRCL_AUE_SE_GB_02,Jennifer Hinton,Bridgeport,WV,"Manufacturing, Automotive & Energy",AMER - PACE - MAE - CMRCL - AUE - AVP,Jason Fajardo,0,1001,Tier 2,0,0,0,0,AUE,False,0,,,Overtiered Risk,High,"Tier Tier 2 | $0 Salesforce spend | Zero external signals | 1,001 employees","**TIER MISMATCH: Tier 2 Without Engagement**

Current Classification: Tier 2 (""High priority accounts"")
What This Should Mean: Strategic focus, dedicated coverage, high revenue potential

**SALESFORCE ENGAGEMENT:**
• H1 FY27 ACV: $0 (zero revenue closed in first half of fiscal year)
• FY27 AOV (Annual Operating Value): $0 (no ongoing Salesforce subscription)
• ATR (Available to Renew): $0 (nothing to renew)
→ Total Salesforce footprint: ZERO

**EXTERNAL SIGNALS:**
• News coverage (past 12 months): ZERO articles
• No media visibility, no growth signals, no market activity detected

**COMPANY PROFILE:**
• Employee count: 1,001
• Industry: Manufacturing, Automotive & Energy
• Location: Bridgeport, WV

**ANALYSIS:**
High tier designation without any engagement or external signals suggests one of three scenarios:
(a) Relationship was never successfully developed despite initial tiering
(b) Account went dormant after initial engagement ended
(c) Tier was assigned based on outdated potential assessment

Maintaining high tier for inactive account diverts strategic resources from accounts with actual engagement.","IMMEDIATE ACTION: Downgrade to Tier 3 or 4. Review account history to understand original tier rationale. If relationship cannot be reactivated within 30 days, proceed with downgrade to free up strategic focus.",True
aBR3y000000CfJeGAK,"Ruiz Food Products, Inc.",0013y00001bfDLnAAM,Ruiz Food Products Inc,AMER_PACE_RCG_CMRCL_GB_CG_HMDU_W_01,Grace Miller,Frisco,Texas,Retail & CG,Marshall Hall,Timothy Livas,0,2500,Tier 3,0,0,0,0,RCG,False,0,,,Undertiered Opportunity,Medium,"Tier Tier 3 | 2,500 employees (enterprise) | Retail & CG | Scale/tier mismatch","**POTENTIAL UNDERTIERING: Enterprise Scale, Low Tier**

Current Classification: Tier 3

**COMPANY SCALE ANALYSIS:**
• Employee count: 2,500 (ENTERPRISE SEGMENT)
• Industry: Retail & CG
• Location: Frisco, Texas
• Scale places company in top tier of market by size

**CURRENT SALESFORCE ENGAGEMENT:**
• H1 FY27 ACV: $0
• FY27 AOV: $0
• Engagement: Limited despite company scale

**ANALYSIS:**
Company size of 2,500 employees indicates enterprise-scale operations. Organizations of this size typically have:
• Complex go-to-market needs (multi-channel, partner ecosystems)
• Large sales/service teams requiring CRM capabilities
• Digital transformation initiatives at scale
• Budget authority for enterprise software investments

Current low tier may reflect limited historical engagement rather than true account potential. For Retail & CG vertical, company of this scale often represents strategic opportunity if ICP fit exists.","VALIDATE ICP FIT: Research Retail & CG vertical alignment with PACE CMRCL focus areas (Retail/CG/Manufacturing). If vertical aligns, investigate why engagement is limited despite enterprise scale. Possible reasons: competitive displacement, budget timing, lack of prospecting. If ICP fit confirmed, consider tier upgrade and assign territory owner for 30-day research sprint.",True
aBR3y000000saRuGAI,"First Brands Group Holdings, Llc",0013y00001XzByIAAV,Airtex,AMER_PACE_MAE_CMRCL_MFG_W_GB_NL_05,Jermell Mitchell,Tucson,AZ,"Manufacturing, Automotive & Energy",John Tragas,Raghbir Kern,0,5098,Tier 4,0,0,0,0,MFG W,False,0,,,Undertiered Opportunity,Medium,"Tier Tier 4 | 5,098 employees (enterprise) | Manufacturing, Automotive & Energy | Scale/tier mismatch","**POTENTIAL UNDERTIERING: Enterprise Scale, Low Tier**

Current Classification: Tier 4

**COMPANY SCALE ANALYSIS:**
• Employee count: 5,098 (ENTERPRISE SEGMENT)
• Industry: Manufacturing, Automotive & Energy
• Location: Tucson, AZ
• Scale places company in top tier of market by size

**CURRENT SALESFORCE ENGAGEMENT:**
• H1 FY27 ACV: $0
• FY27 AOV: $0
• Engagement: Limited despite company scale

**ANALYSIS:**
Company size of 5,098 employees indicates enterprise-scale operations. Organizations of this size typically have:
• Complex go-to-market needs (multi-channel, partner ecosystems)
• Large sales/service teams requiring CRM capabilities
• Digital transformation initiatives at scale
• Budget authority for enterprise software investments

Current low tier may reflect limited historical engagement rather than true account potential. For Manufacturing, Automotive & Energy vertical, company of this scale often represents strategic opportunity if ICP fit exists.","VALIDATE ICP FIT: Research Manufacturing, Automotive & Energy vertical alignment with PACE CMRCL focus areas (Retail/CG/Manufacturing). If vertical aligns, investigate why engagement is limited despite enterprise scale. Possible reasons: competitive displacement, budget timing, lack of prospecting. If ICP fit confirmed, consider tier upgrade and assign territory owner for 30-day research sprint.",True
001ed00000SdQCEAA3,Towne Tavern & Tap,001ed00000SdQCEAA3,Towne Tavern & Tap,AMER_PACE_RCG_CMRCL_MM_RETAIL_E_07,Julia Wallace,North Attleboro,MA,Retail & CG,Adam Kassam,David Freifeld,0,500,Tier 4,0,0,0,0,RCG,False,0,,,Tier Confirmed,Medium,Limited signals available | 500 employees,"**TIER CONFIRMED: Tier 4**

**Company Profile:**
• Size: 500 employees
• Industry: Retail & CG
• Location: North Attleboro, MA

**Salesforce Engagement:**
• H1 FY27 ACV: $0
• FY27 AOV: $0
• Status: Limited/no current engagement

**Assessment:**
Current tier classification appears appropriately aligned with available signals. No strong indicators of systematic over- or undertiering detected. Account engagement level, company scale, and external market activity are consistent with tier expectations.","Maintain current tier. Continue standard territory coverage. Monitor for material changes: significant funding events, M&A activity, major ACV swings, or substantial shifts in news coverage that would warrant tier re-evaluation.",True
0013000000RaXKoAAN,"Zeeland Farm Services, Inc.",0013000000RaXKoAAN,"Zeeland Farm Services, Inc.",AMER_PACE_RCG_CMRCL_MM_NL_CG_01,ADDIS SISAY,Zeeland,MI,Retail & CG,Adam Kassam,Kyle Warren,0,314,Tier 3,0,0,0,0,RCG,False,0,,,Tier Confirmed,Medium,Limited signals available | 314 employees,"**TIER CONFIRMED: Tier 3**

**Company Profile:**
• Size: 314 employees
• Industry: Retail & CG
• Location: Zeeland, MI

**Salesforce Engagement:**
• H1 FY27 ACV: $0
• FY27 AOV: $0
• Status: Limited/no current engagement

**Assessment:**
Current tier classification appears appropriately aligned with available signals. No strong indicators of systematic over- or undertiering detected. Account engagement level, company scale, and external market activity are consistent with tier expectations.","Maintain current tier. Continue standard territory coverage. Monitor for material changes: significant funding events, M&A activity, major ACV swings, or substantial shifts in news coverage that would warrant tier re-evaluation.",True
0013000001JyZfbAAF,Waycon Pizza Enterprises Inc,0013000001JyZfbAAF,Waycon Pizza Enterprises Inc,AMER_PACE_RCG_CMRCL_MM_NL_RETAIL_08,Taylor Schlosser,Athens,GA,Retail & CG,Adam Kassam,Tanner DeVries,0,500,Tier 3,0,0,0,0,RCG,False,0,,,Tier Confirmed,Medium,Limited signals available | 500 employees,"**TIER CONFIRMED: Tier 3**

**Company Profile:**
• Size: 500 employees
• Industry: Retail & CG
• Location: Athens, GA

**Salesforce Engagement:**
• H1 FY27 ACV: $0
• FY27 AOV: $0
• Status: Limited/no current engagement

**Assessment:**
Current tier classification appears appropriately aligned with available signals. No strong indicators of systematic over- or undertiering detected. Account engagement level, company scale, and external market activity are consistent with tier expectations.","Maintain current tier. Continue standard territory coverage. Monitor for material changes: significant funding events, M&A activity, major ACV swings, or substantial shifts in news coverage that would warrant tier re-evaluation.",True
aBR3y000000g3RNGAY,Ip Corporation,001ed00000J1DVEAA3,IP Corporation,AMER_PACE_MAE_CMRCL_MFG_W_PNW_MM_03,Tristan Bush,Saint Paul,MN,"Manufacturing, Automotive & Energy",John Tragas,Brent Cambra,0,500,Other,0,0,0,0,MFG W,False,0,,,Tier Confirmed,Medium,Limited signals available | 500 employees,"**TIER CONFIRMED: Tier Other**

**Company Profile:**
• Size: 500 employees
• Industry: Manufacturing, Automotive & Energy
• Location: Saint Paul, MN

**Salesforce Engagement:**
• H1 FY27 ACV: $0
• FY27 AOV: $0
• Status: Limited/no current engagement

**Assessment:**
Current tier classification appears appropriately aligned with available signals. No strong indicators of systematic over- or undertiering detected. Account engagement level, company scale, and external market activity are consistent with tier expectations.","Maintain current tier. Continue standard territory coverage. Monitor for material changes: significant funding events, M&A activity, major ACV swings, or substantial shifts in news coverage that would warrant tier re-evaluation.",True
aBR3y000000H7ucGAC,Houdstermaatschappij Wilg B.V.,0013000000Em4KYAAZ,The Hiller Companies Inc,AMER_PACE_MAE_CMRCL_MFG_C_SEC_MM_04,Nicholas Childers,Mobile,AL,"Manufacturing, Automotive & Energy",AMER - PACE - MAE - CMRCL - MFG - C - AVP,Josh Child,0,599,Tier 1,0,0,0,0,MFG C,False,0,,,Overtiered Risk,High,Tier Tier 1 | $0 Salesforce spend | Zero external signals | 599 employees,"**TIER MISMATCH: Tier 1 Without Engagement**

Current Classification: Tier 1 (""Strategic accounts"")
What This Should Mean: Strategic focus, dedicated coverage, high revenue potential

**SALESFORCE ENGAGEMENT:**
• H1 FY27 ACV: $0 (zero revenue closed in first half of fiscal year)
• FY27 AOV (Annual Operating Value): $0 (no ongoing Salesforce subscription)
• ATR (Available to Renew): $0 (nothing to renew)
→ Total Salesforce footprint: ZERO

**EXTERNAL SIGNALS:**
• News coverage (past 12 months): ZERO articles
• No media visibility, no growth signals, no market activity detected

**COMPANY PROFILE:**
• Employee count: 599
• Industry: Manufacturing, Automotive & Energy
• Location: Mobile, AL

**ANALYSIS:**
High tier designation without any engagement or external signals suggests one of three scenarios:
(a) Relationship was never successfully developed despite initial tiering
(b) Account went dormant after initial engagement ended
(c) Tier was assigned based on outdated potential assessment

Maintaining high tier for inactive account diverts strategic resources from accounts with actual engagement.","IMMEDIATE ACTION: Downgrade to Tier 3 or 4. Review account history to understand original tier rationale. If relationship cannot be reactivated within 30 days, proceed with downgrade to free up strategic focus.",True
aBR3y000000gEbGGAU,Stone Canyon Industries Holdings Llc,0013y00001f5yyKAAQ,Arctic Glacier U.S.A. Inc,AMER_PACE_MAE_CMRCL_MFG_E_NNE_GB_03,Ryan Johnson,Sharpsburg,PA,"Manufacturing, Automotive & Energy",Stephen Keller,Sam Telfer,0,2500,Tier 1,0,0,0,0,MFG E,False,0,,,Overtiered Risk,High,"Tier Tier 1 | $0 Salesforce spend | Zero external signals | 2,500 employees","**TIER MISMATCH: Tier 1 Without Engagement**

Current Classification: Tier 1 (""Strategic accounts"")
What This Should Mean: Strategic focus, dedicated coverage, high revenue potential

**SALESFORCE ENGAGEMENT:**
• H1 FY27 ACV: $0 (zero revenue closed in first half of fiscal year)
• FY27 AOV (Annual Operating Value): $0 (no ongoing Salesforce subscription)
• ATR (Available to Renew): $0 (nothing to renew)
→ Total Salesforce footprint: ZERO

**EXTERNAL SIGNALS:**
• News coverage (past 12 months): ZERO articles
• No media visibility, no growth signals, no market activity detected

**COMPANY PROFILE:**
• Employee count: 2,500
• Industry: Manufacturing, Automotive & Energy
• Location: Sharpsburg, PA

**ANALYSIS:**
High tier designation without any engagement or external signals suggests one of three scenarios:
(a) Relationship was never successfully developed despite initial tiering
(b) Account went dormant after initial engagement ended
(c) Tier was assigned based on outdated potential assessment

Maintaining high tier for inactive account diverts strategic resources from accounts with actual engagement.","IMMEDIATE ACTION: Downgrade to Tier 3 or 4. Review account history to understand original tier rationale. If relationship cannot be reactivated within 30 days, proceed with downgrade to free up strategic focus.",True
aBR3y0000004qqTGAQ,"Grubmarket, Inc.",0013y00001dNDvJAAW,Shapiro-Gilman_Shandler,AMER_PACE_RCG_CMRCL_GB_RETAIL_W_02,James Bowen,Los Gatos,CA,Retail & CG,Marshall Hall,Ashley Ellis,0,51,Tier 4,0,0,0,0,RCG,True,2,GrubMarket files confidentially for US IPO after acquisition spree and $4.5B valuation | GrubMarket Announces Confidential Submission of Draft Registration Statement,2026-07-28,Tier Confirmed,Medium,2 news articles | 51 employees,"**TIER CONFIRMED: Tier 4**

**Company Profile:**
• Size: 51 employees
• Industry: Retail & CG
• Location: Los Gatos, CA

**Salesforce Engagement:**
• H1 FY27 ACV: $0
• FY27 AOV: $0
• Status: Limited/no current engagement


**Recent Activity (2 articles):**
🤝 M&A: Acquisition activity
🚀 PRODUCT: GrubMarket Announces Confidential Submission of Draft Registration Sta...

**Assessment:**
Current tier classification appears appropriately aligned with available signals. No strong indicators of systematic over- or undertiering detected. Account engagement level, company scale, and external market activity are consistent with tier expectations.","Maintain current tier. Continue standard territory coverage. Monitor for material changes: significant funding events, M&A activity, major ACV swings, or substantial shifts in news coverage that would warrant tier re-evaluation.",True
aBR3y000000H6kpGAC,Carlin Group,0013000001CAStwAAH,Wild Rose Marketing,AMER_PACE_RCG_CMRCL_MM_NL_CG_01,ADDIS SISAY,ELK GROVE VILLAGE,IL,Retail & CG,Adam Kassam,Kyle Warren,0,501,Tier 3,0,0,0,0,RCG,False,0,,,Tier Confirmed,Medium,Limited signals available | 501 employees,"**TIER CONFIRMED: Tier 3**

**Company Profile:**
• Size: 501 employees
• Industry: Retail & CG
• Location: ELK GROVE VILLAGE, IL

**Salesforce Engagement:**
• H1 FY27 ACV: $0
• FY27 AOV: $0
• Status: Limited/no current engagement

**Assessment:**
Current tier classification appears appropriately aligned with available signals. No strong indicators of systematic over- or undertiering detected. Account engagement level, company scale, and external market activity are consistent with tier expectations.","Maintain current tier. Continue standard territory coverage. Monitor for material changes: significant funding events, M&A activity, major ACV swings, or substantial shifts in news coverage that would warrant tier re-evaluation.",True
aBR0M0000000AQiWAM,"Fctg Holdings, Inc.",0013y00001eCC0KAAW,"Southern Mississippi Trading, LLC",AMER_PACE_MAE_CMRCL_MFG_W_MM_NL_E_02,Andrew Ketcham,Tigard,OR,"Manufacturing, Automotive & Energy",John Tragas,Chloe LeBaron,0,406,Tier 4,0,0,0,0,MFG W,False,0,,,Tier Confirmed,Medium,Limited signals available | 406 employees,"**TIER CONFIRMED: Tier 4**

**Company Profile:**
• Size: 406 employees
• Industry: Manufacturing, Automotive & Energy
• Location: Tigard, OR

**Salesforce Engagement:**
• H1 FY27 ACV: $0
• FY27 AOV: $0
• Status: Limited/no current engagement

**Assessment:**
Current tier classification appears appropriately aligned with available signals. No strong indicators of systematic over- or undertiering detected. Account engagement level, company scale, and external market activity are consistent with tier expectations.","Maintain current tier. Continue standard territory coverage. Monitor for material changes: significant funding events, M&A activity, major ACV swings, or substantial shifts in news coverage that would warrant tier re-evaluation.",True
aBR3y000000wlgpGAA,"Dead River Company, Llc",0010M00001WJkueQAD,Bourne's Energy (Dead River Company),AMER_PACE_MAE_CMRCL_AUE_NE_GB_02,Meg Bremer,South Portland,ME,"Manufacturing, Automotive & Energy",AMER - PACE - MAE - CMRCL - AUE - AVP,Sara Bissmeyer,0,1075,Tier 4,0,0,0,0,AUE,False,0,,,Tier Confirmed,Medium,"Limited signals available | 1,075 employees","**TIER CONFIRMED: Tier 4**

**Company Profile:**
• Size: 1,075 employees
• Industry: Manufacturing, Automotive & Energy
• Location: South Portland, ME

**Salesforce Engagement:**
• H1 FY27 ACV: $0
• FY27 AOV: $0
• Status: Limited/no current engagement

**Assessment:**
Current tier classification appears appropriately aligned with available signals. No strong indicators of systematic over- or undertiering detected. Account engagement level, company scale, and external market activity are consistent with tier expectations.","Maintain current tier. Continue standard territory coverage. Monitor for material changes: significant funding events, M&A activity, major ACV swings, or substantial shifts in news coverage that would warrant tier re-evaluation.",True
aBR0M000000GrVfWAK,"Huntsinger Farms, Inc.",0010M00001S9JQfQAN,Silver Spring Foods Inc,AMER_PACE_RCG_CMRCL_MM_NL_CG_01,ADDIS SISAY,Eau Claire,WI,Retail & CG,Adam Kassam,Kyle Warren,0,329,Tier 3,0,0,0,0,RCG,False,0,,,Tier Confirmed,Medium,Limited signals available | 329 employees,"**TIER CONFIRMED: Tier 3**

**Company Profile:**
• Size: 329 employees
• Industry: Retail & CG
• Location: Eau Claire, WI

**Salesforce Engagement:**
• H1 FY27 ACV: $0
• FY27 AOV: $0
• Status: Limited/no current engagement

**Assessment:**
Current tier classification appears appropriately aligned with available signals. No strong indicators of systematic over- or undertiering detected. Account engagement level, company scale, and external market activity are consistent with tier expectations.","Maintain current tier. Continue standard territory coverage. Monitor for material changes: significant funding events, M&A activity, major ACV swings, or substantial shifts in news coverage that would warrant tier re-evaluation.",True
